측정일시,전기요금(원)
2024-12-01 00:15:00,914.89233
2024-12-01 00:30:00,914.89233
2024-12-01 00:45:00,914.89233
2024-12-01 01:00:00,969.45355
2024-12-01 01:15:00,933.8905
2024-12-01 01:30:00,910.9592
2024-12-01 01:45:00,890.8464
2024-12-01 02:00:00,861.08276
2024-12-01 02:15:00,844.0859
2024-12-01 02:30:00,849.8035
2024-12-01 02:45:00,836.97095
2024-12-01 03:00:00,838.52716
2024-12-01 03:15:00,828.0452
2024-12-01 03:30:00,835.426
2024-12-01 03:45:00,827.72656
2024-12-01 04:00:00,811.498
2024-12-01 04:15:00,803.4248
2024-12-01 04:30:00,828.0452
2024-12-01 04:45:00,812.0539
2024-12-01 05:00:00,810.2721
2024-12-01 05:15:00,802.1989
2024-12-01 05:30:00,825.8925
2024-12-01 05:45:00,811.6989
2024-12-01 06:00:00,799.1728
2024-12-01 06:15:00,794.71387
2024-12-01 06:30:00,808.1682
2024-12-01 06:45:00,799.20135
2024-12-01 07:00:00,753.6388
2024-12-01 07:15:00,758.29803
2024-12-01 07:30:00,801.4706
2024-12-01 07:45:00,824.57434
2024-12-01 08:00:00,987.93384
2024-12-01 08:15:00,3016.335
2024-12-01 08:30:00,5392.6587
2024-12-01 08:45:00,5490.3506
2024-12-01 09:00:00,4332.282
2024-12-01 09:15:00,5317.6655
2024-12-01 09:30:00,5213.6724
2024-12-01 09:45:00,5288.325
2024-12-01 10:00:00,6710.036
2024-12-01 10:15:00,7056.3975
2024-12-01 10:30:00,7245.7656
2024-12-01 10:45:00,7305.5967
2024-12-01 11:00:00,7842.6367
2024-12-01 11:15:00,7710.817
2024-12-01 11:30:00,7906.835
2024-12-01 11:45:00,7931.902
2024-12-01 12:00:00,6441.777
2024-12-01 12:15:00,1918.1008
2024-12-01 12:30:00,2073.274
2024-12-01 12:45:00,2073.0127
2024-12-01 13:00:00,2680.6943
2024-12-01 13:15:00,4583.1816
2024-12-01 13:30:00,7956.79
2024-12-01 13:45:00,7979.7534
2024-12-01 14:00:00,7255.957
2024-12-01 14:15:00,6677.3325
2024-12-01 14:30:00,6595.8677
2024-12-01 14:45:00,6315.999
2024-12-01 15:00:00,5356.1445
2024-12-01 15:15:00,5088.5825
2024-12-01 15:30:00,5101.393
2024-12-01 15:45:00,5101.82
2024-12-01 16:00:00,4602.6987
2024-12-01 16:15:00,4421.371
2024-12-01 16:30:00,4218.6147
2024-12-01 16:45:00,3983.1956
2024-12-01 17:00:00,2307.7644
2024-12-01 17:15:00,2074.9785
2024-12-01 17:30:00,1915.7037
2024-12-01 17:45:00,1756.8918
2024-12-01 18:00:00,1405.239
2024-12-01 18:15:00,1030.6292
2024-12-01 18:30:00,1336.4421
2024-12-01 18:45:00,2068.006
2024-12-01 19:00:00,2201.282
2024-12-01 19:15:00,2195.7517
2024-12-01 19:30:00,2203.059
2024-12-01 19:45:00,2216.2285
2024-12-01 20:00:00,1954.7122
2024-12-01 20:15:00,2140.041
2024-12-01 20:30:00,2183.5105
2024-12-01 20:45:00,2166.1187
2024-12-01 21:00:00,2301.572
2024-12-01 21:15:00,2104.4263
2024-12-01 21:30:00,2109.1025
2024-12-01 21:45:00,2109.8335
2024-12-01 22:00:00,2011.4822
2024-12-01 22:15:00,1116.6876
2024-12-01 22:30:00,1024.3331
2024-12-01 22:45:00,942.4898
2024-12-01 23:00:00,942.0066
2024-12-01 23:15:00,750.49884
2024-12-01 23:30:00,742.9633
2024-12-01 23:45:00,731.2229
2024-12-01 00:00:00,851.03723
2024-12-02 00:15:00,719.5664
2024-12-02 00:30:00,723.5116
2024-12-02 00:45:00,719.5452
2024-12-02 01:00:00,741.01465
2024-12-02 01:15:00,719.3539
2024-12-02 01:30:00,721.3228
2024-12-02 01:45:00,711.37085
2024-12-02 02:00:00,711.05927
2024-12-02 02:15:00,676.1449
2024-12-02 02:30:00,693.9732
2024-12-02 02:45:00,693.9732
2024-12-02 03:00:00,699.30597
2024-12-02 03:15:00,666.305
2024-12-02 03:30:00,678.5664
2024-12-02 03:45:00,678.01776
2024-12-02 04:00:00,666.6492
2024-12-02 04:15:00,659.16846
2024-12-02 04:30:00,676.3158
2024-12-02 04:45:00,678.4846
2024-12-02 05:00:00,667.2881
2024-12-02 05:15:00,659.42267
2024-12-02 05:30:00,678.5956
2024-12-02 05:45:00,678.82837
2024-12-02 06:00:00,668.77826
2024-12-02 06:15:00,667.1623
2024-12-02 06:30:00,683.32715
2024-12-02 06:45:00,683.32715
2024-12-02 07:00:00,648.97925
2024-12-02 07:15:00,640.2093
2024-12-02 07:30:00,678.36444
2024-12-02 07:45:00,693.597
2024-12-02 08:00:00,692.7254
2024-12-02 08:15:00,2347.9768
2024-12-02 08:30:00,4022.501
2024-12-02 08:45:00,3648.746
2024-12-02 09:00:00,3125.954
2024-12-02 09:15:00,2216.5518
2024-12-02 09:30:00,2500.2163
2024-12-02 09:45:00,2579.0117
2024-12-02 10:00:00,1754.8396
2024-12-02 10:15:00,1719.7314
2024-12-02 10:30:00,1818.2432
2024-12-02 10:45:00,1876.0386
2024-12-02 11:00:00,1783.0415
2024-12-02 11:15:00,1586.4729
2024-12-02 11:30:00,1643.193
2024-12-02 11:45:00,1661.0111
2024-12-02 12:00:00,1497.952
2024-12-02 12:15:00,1687.1425
2024-12-02 12:30:00,1693.5776
2024-12-02 12:45:00,1690.7686
2024-12-02 13:00:00,1903.555
2024-12-02 13:15:00,2078.453
2024-12-02 13:30:00,2281.2344
2024-12-02 13:45:00,2284.2932
2024-12-02 14:00:00,2283.1833
2024-12-02 14:15:00,2161.7454
2024-12-02 14:30:00,2228.1301
2024-12-02 14:45:00,2162.7898
2024-12-02 15:00:00,2065.3967
2024-12-02 15:15:00,2106.3843
2024-12-02 15:30:00,2167.4197
2024-12-02 15:45:00,2181.7197
2024-12-02 16:00:00,2004.0516
2024-12-02 16:15:00,2012.4769
2024-12-02 16:30:00,2021.314
2024-12-02 16:45:00,2022.469
2024-12-02 17:00:00,2011.2509
2024-12-02 17:15:00,1996.792
2024-12-02 17:30:00,1996.792
2024-12-02 17:45:00,1967.863
2024-12-02 18:00:00,1289.9362
2024-12-02 18:15:00,868.19434
2024-12-02 18:30:00,962.7796
2024-12-02 18:45:00,1653.0029
2024-12-02 19:00:00,1954.109
2024-12-02 19:15:00,1941.0996
2024-12-02 19:30:00,1941.0996
2024-12-02 19:45:00,1928.2231
2024-12-02 20:00:00,1901.6149
2024-12-02 20:15:00,1902.7112
2024-12-02 20:30:00,1918.8146
2024-12-02 20:45:00,1918.6608
2024-12-02 21:00:00,1906.5358
2024-12-02 21:15:00,1755.0349
2024-12-02 21:30:00,1784.4277
2024-12-02 21:45:00,1780.3584
2024-12-02 22:00:00,1707.8502
2024-12-02 22:15:00,735.4768
2024-12-02 22:30:00,646.20105
2024-12-02 22:45:00,594.68365
2024-12-02 23:00:00,607.26794
2024-12-02 23:15:00,676.36926
2024-12-02 23:30:00,676.36926
2024-12-02 23:45:00,661.61975
2024-12-02 00:00:00,724.1869
2024-12-03 00:15:00,792.23474
2024-12-03 00:30:00,787.3916
2024-12-03 00:45:00,780.0787
2024-12-03 01:00:00,750.7788
2024-12-03 01:15:00,714.8086
2024-12-03 01:30:00,674.64136
2024-12-03 01:45:00,665.3153
2024-12-03 02:00:00,706.9039
2024-12-03 02:15:00,654.7546
2024-12-03 02:30:00,655.22955
2024-12-03 02:45:00,647.851
2024-12-03 03:00:00,654.94116
2024-12-03 03:15:00,611.74023
2024-12-03 03:30:00,633.1043
2024-12-03 03:45:00,612.74817
2024-12-03 04:00:00,595.1756
2024-12-03 04:15:00,585.60474
2024-12-03 04:30:00,605.3838
2024-12-03 04:45:00,594.91455
2024-12-03 05:00:00,583.6833
2024-12-03 05:15:00,573.0167
2024-12-03 05:30:00,602.99524
2024-12-03 05:45:00,593.6557
2024-12-03 06:00:00,569.91315
2024-12-03 06:15:00,566.4789
2024-12-03 06:30:00,583.02795
2024-12-03 06:45:00,583.3202
2024-12-03 07:00:00,540.17535
2024-12-03 07:15:00,557.5167
2024-12-03 07:30:00,633.6086
2024-12-03 07:45:00,677.4956
2024-12-03 08:00:00,889.8946
2024-12-03 08:15:00,4614.498
2024-12-03 08:30:00,8480.632
2024-12-03 08:45:00,8923.468
2024-12-03 09:00:00,8450.667
2024-12-03 09:15:00,8416.797
2024-12-03 09:30:00,8495.504
2024-12-03 09:45:00,8616.709
2024-12-03 10:00:00,8411.273
2024-12-03 10:15:00,8290.162
2024-12-03 10:30:00,8363.432
2024-12-03 10:45:00,8561.687
2024-12-03 11:00:00,8823.837
2024-12-03 11:15:00,9254.983
2024-12-03 11:30:00,9370.191
2024-12-03 11:45:00,9421.144
2024-12-03 12:00:00,8266.963
2024-12-03 12:15:00,2079.2112
2024-12-03 12:30:00,2069.321
2024-12-03 12:45:00,2034.1177
2024-12-03 13:00:00,2077.5583
2024-12-03 13:15:00,5126.394
2024-12-03 13:30:00,8708.113
2024-12-03 13:45:00,8708.262
2024-12-03 14:00:00,8600.0
2024-12-03 14:15:00,8478.257
2024-12-03 14:30:00,8430.167
2024-12-03 14:45:00,8334.75
2024-12-03 15:00:00,8304.754
2024-12-03 15:15:00,8312.16
2024-12-03 15:30:00,8436.66
2024-12-03 15:45:00,8533.248
2024-12-03 16:00:00,8757.993
2024-12-03 16:15:00,8760.697
2024-12-03 16:30:00,8890.197
2024-12-03 16:45:00,8794.149
2024-12-03 17:00:00,8277.005
2024-12-03 17:15:00,8414.297
2024-12-03 17:30:00,8328.795
2024-12-03 17:45:00,5263.7383
2024-12-03 18:00:00,3623.7
2024-12-03 18:15:00,5476.884
2024-12-03 18:30:00,6788.603
2024-12-03 18:45:00,6341.0933
2024-12-03 19:00:00,7065.4976
2024-12-03 19:15:00,6982.339
2024-12-03 19:30:00,7037.1284
2024-12-03 19:45:00,7059.6294
2024-12-03 20:00:00,7235.4385
2024-12-03 20:15:00,6987.183
2024-12-03 20:30:00,6952.109
2024-12-03 20:45:00,6381.747
2024-12-03 21:00:00,3819.863
2024-12-03 21:15:00,2798.5776
2024-12-03 21:30:00,2830.5803
2024-12-03 21:45:00,2808.143
2024-12-03 22:00:00,2850.28
2024-12-03 22:15:00,3245.8088
2024-12-03 22:30:00,2947.3894
2024-12-03 22:45:00,2235.4656
2024-12-03 23:00:00,2240.3467
2024-12-03 23:15:00,1039.5931
2024-12-03 23:30:00,1037.4943
2024-12-03 23:45:00,973.3523
2024-12-03 00:00:00,827.9859
2024-12-04 00:15:00,982.56274
2024-12-04 00:30:00,960.9625
2024-12-04 00:45:00,984.5581
2024-12-04 01:00:00,921.6077
2024-12-04 01:15:00,871.11316
2024-12-04 01:30:00,834.07495
2024-12-04 01:45:00,806.48944
2024-12-04 02:00:00,815.554
2024-12-04 02:15:00,768.59863
2024-12-04 02:30:00,770.7248
2024-12-04 02:45:00,774.51544
2024-12-04 03:00:00,768.0484
2024-12-04 03:15:00,737.3337
2024-12-04 03:30:00,745.5396
2024-12-04 03:45:00,745.5396
2024-12-04 04:00:00,710.42004
2024-12-04 04:15:00,696.60736
2024-12-04 04:30:00,721.51874
2024-12-04 04:45:00,726.8502
2024-12-04 05:00:00,708.8447
2024-12-04 05:15:00,695.62354
2024-12-04 05:30:00,718.5344
2024-12-04 05:45:00,726.86127
2024-12-04 06:00:00,693.2661
2024-12-04 06:15:00,675.098
2024-12-04 06:30:00,694.31934
2024-12-04 06:45:00,708.8733
2024-12-04 07:00:00,668.7579
2024-12-04 07:15:00,682.89825
2024-12-04 07:30:00,731.5494
2024-12-04 07:45:00,796.97736
2024-12-04 08:00:00,1150.4655
2024-12-04 08:15:00,5721.559
2024-12-04 08:30:00,10312.86
2024-12-04 08:45:00,10641.582
2024-12-04 09:00:00,10261.208
2024-12-04 09:15:00,9426.801
2024-12-04 09:30:00,9256.431
2024-12-04 09:45:00,9358.896
2024-12-04 10:00:00,9077.32
2024-12-04 10:15:00,9041.362
2024-12-04 10:30:00,9047.341
2024-12-04 10:45:00,9282.901
2024-12-04 11:00:00,9448.964
2024-12-04 11:15:00,9629.39
2024-12-04 11:30:00,9613.522
2024-12-04 11:45:00,9608.908
2024-12-04 12:00:00,8517.658
2024-12-04 12:15:00,2078.1
2024-12-04 12:30:00,2023.959
2024-12-04 12:45:00,1986.0511
2024-12-04 13:00:00,1978.446
2024-12-04 13:15:00,4983.915
2024-12-04 13:30:00,8329.034
2024-12-04 13:45:00,8242.657
2024-12-04 14:00:00,8714.587
2024-12-04 14:15:00,8488.389
2024-12-04 14:30:00,8527.247
2024-12-04 14:45:00,8471.913
2024-12-04 15:00:00,8190.1367
2024-12-04 15:15:00,8176.315
2024-12-04 15:30:00,8327.529
2024-12-04 15:45:00,8445.238
2024-12-04 16:00:00,8528.49
2024-12-04 16:15:00,8507.486
2024-12-04 16:30:00,8689.378
2024-12-04 16:45:00,8746.357
2024-12-04 17:00:00,8519.945
2024-12-04 17:15:00,8754.031
2024-12-04 17:30:00,8563.541
2024-12-04 17:45:00,5108.064
2024-12-04 18:00:00,3914.305
2024-12-04 18:15:00,5462.2925
2024-12-04 18:30:00,7006.0586
2024-12-04 18:45:00,6546.263
2024-12-04 19:00:00,7815.0864
2024-12-04 19:15:00,7676.8926
2024-12-04 19:30:00,7702.024
2024-12-04 19:45:00,7549.4526
2024-12-04 20:00:00,7752.3057
2024-12-04 20:15:00,7505.65
2024-12-04 20:30:00,7553.919
2024-12-04 20:45:00,6598.338
2024-12-04 21:00:00,3813.4648
2024-12-04 21:15:00,2711.0037
2024-12-04 21:30:00,2758.036
2024-12-04 21:45:00,2745.5554
2024-12-04 22:00:00,2704.8064
2024-12-04 22:15:00,3012.9902
2024-12-04 22:30:00,2688.9783
2024-12-04 22:45:00,1952.0828
2024-12-04 23:00:00,2241.9932
2024-12-04 23:15:00,1331.1031
2024-12-04 23:30:00,1331.8391
2024-12-04 23:45:00,1209.6987
2024-12-04 00:00:00,1095.0629
2024-12-05 00:15:00,1046.3325
2024-12-05 00:30:00,1093.4005
2024-12-05 00:45:00,1047.5757
2024-12-05 01:00:00,975.1
2024-12-05 01:15:00,955.9358
2024-12-05 01:30:00,911.72107
2024-12-05 01:45:00,875.1969
2024-12-05 02:00:00,778.95953
2024-12-05 02:15:00,767.13544
2024-12-05 02:30:00,768.36237
2024-12-05 02:45:00,765.6138
2024-12-05 03:00:00,731.507
2024-12-05 03:15:00,725.8135
2024-12-05 03:30:00,729.4622
2024-12-05 03:45:00,721.68176
2024-12-05 04:00:00,697.307
2024-12-05 04:15:00,710.89465
2024-12-05 04:30:00,727.2879
2024-12-05 04:45:00,726.91095
2024-12-05 05:00:00,710.87714
2024-12-05 05:15:00,710.9057
2024-12-05 05:30:00,727.29895
2024-12-05 05:45:00,732.72833
2024-12-05 06:00:00,694.14355
2024-12-05 06:15:00,694.1807
2024-12-05 06:30:00,718.9573
2024-12-05 06:45:00,723.089
2024-12-05 07:00:00,675.6699
2024-12-05 07:15:00,692.30817
2024-12-05 07:30:00,741.16876
2024-12-05 07:45:00,803.6082
2024-12-05 08:00:00,1538.2996
2024-12-05 08:15:00,6395.969
2024-12-05 08:30:00,11187.875
2024-12-05 08:45:00,11574.188
2024-12-05 09:00:00,10289.783
2024-12-05 09:15:00,9264.197
2024-12-05 09:30:00,9232.783
2024-12-05 09:45:00,9068.65
2024-12-05 10:00:00,9018.378
2024-12-05 10:15:00,8550.016
2024-12-05 10:30:00,8626.549
2024-12-05 10:45:00,8802.891
2024-12-05 11:00:00,9006.65
2024-12-05 11:15:00,9165.477
2024-12-05 11:30:00,9237.65
2024-12-05 11:45:00,9237.08
2024-12-05 12:00:00,7632.284
2024-12-05 12:15:00,1925.5104
2024-12-05 12:30:00,2020.0308
2024-12-05 12:45:00,2020.5747
2024-12-05 13:00:00,2037.7235
2024-12-05 13:15:00,5052.315
2024-12-05 13:30:00,8418.196
2024-12-05 13:45:00,8461.798
2024-12-05 14:00:00,8571.688
2024-12-05 14:15:00,8477.933
2024-12-05 14:30:00,8725.282
2024-12-05 14:45:00,8504.627
2024-12-05 15:00:00,8244.446
2024-12-05 15:15:00,8186.372
2024-12-05 15:30:00,8468.068
2024-12-05 15:45:00,8465.368
2024-12-05 16:00:00,8325.039
2024-12-05 16:15:00,8335.75
2024-12-05 16:30:00,8586.384
2024-12-05 16:45:00,8601.543
2024-12-05 17:00:00,7893.3657
2024-12-05 17:15:00,8036.098
2024-12-05 17:30:00,7686.0083
2024-12-05 17:45:00,4399.5195
2024-12-05 18:00:00,3419.697
2024-12-05 18:15:00,5209.4614
2024-12-05 18:30:00,6334.6807
2024-12-05 18:45:00,5847.469
2024-12-05 19:00:00,6510.6357
2024-12-05 19:15:00,6330.2456
2024-12-05 19:30:00,6294.9087
2024-12-05 19:45:00,6213.492
2024-12-05 20:00:00,6583.684
2024-12-05 20:15:00,6275.6963
2024-12-05 20:30:00,6294.8545
2024-12-05 20:45:00,5421.5776
2024-12-05 21:00:00,3178.9084
2024-12-05 21:15:00,2439.79
2024-12-05 21:30:00,2552.8196
2024-12-05 21:45:00,2343.4973
2024-12-05 22:00:00,2575.3875
2024-12-05 22:15:00,1738.7062
2024-12-05 22:30:00,1554.6003
2024-12-05 22:45:00,1347.9291
2024-12-05 23:00:00,1209.0732
2024-12-05 23:15:00,984.34076
2024-12-05 23:30:00,964.4491
2024-12-05 23:45:00,923.1226
2024-12-05 00:00:00,940.90594
2024-12-06 00:15:00,905.60626
2024-12-06 00:30:00,917.56213
2024-12-06 00:45:00,922.58746
2024-12-06 01:00:00,889.64136
2024-12-06 01:15:00,855.442
2024-12-06 01:30:00,825.09814
2024-12-06 01:45:00,814.56177
2024-12-06 02:00:00,792.31726
2024-12-06 02:15:00,761.108
2024-12-06 02:30:00,761.7325
2024-12-06 02:45:00,775.87024
2024-12-06 03:00:00,738.8012
2024-12-06 03:15:00,724.3444
2024-12-06 03:30:00,730.934
2024-12-06 03:45:00,731.08075
2024-12-06 04:00:00,708.3843
2024-12-06 04:15:00,693.74817
2024-12-06 04:30:00,717.24585
2024-12-06 04:45:00,722.7315
2024-12-06 05:00:00,709.4578
2024-12-06 05:15:00,694.6549
2024-12-06 05:30:00,717.3159
2024-12-06 05:45:00,728.0465
2024-12-06 06:00:00,694.0913
2024-12-06 06:15:00,679.1987
2024-12-06 06:30:00,707.6379
2024-12-06 06:45:00,720.8602
2024-12-06 07:00:00,719.16125
2024-12-06 07:15:00,705.59955
2024-12-06 07:30:00,743.1206
2024-12-06 07:45:00,836.02026
2024-12-06 08:00:00,914.6219
2024-12-06 08:15:00,6036.2417
2024-12-06 08:30:00,10871.361
2024-12-06 08:45:00,11090.86
2024-12-06 09:00:00,9662.549
2024-12-06 09:15:00,8878.871
2024-12-06 09:30:00,8795.743
2024-12-06 09:45:00,8845.7705
2024-12-06 10:00:00,8877.265
2024-12-06 10:15:00,8503.063
2024-12-06 10:30:00,8486.601
2024-12-06 10:45:00,8595.329
2024-12-06 11:00:00,8617.74
2024-12-06 11:15:00,8991.33
2024-12-06 11:30:00,9031.284
2024-12-06 11:45:00,9034.474
2024-12-06 12:00:00,7630.3696
2024-12-06 12:15:00,1771.6793
2024-12-06 12:30:00,1950.8551
2024-12-06 12:45:00,1954.6682
2024-12-06 13:00:00,1962.8755
2024-12-06 13:15:00,4867.335
2024-12-06 13:30:00,8268.123
2024-12-06 13:45:00,8383.896
2024-12-06 14:00:00,8330.444
2024-12-06 14:15:00,8208.432
2024-12-06 14:30:00,8258.482
2024-12-06 14:45:00,8213.186
2024-12-06 15:00:00,7798.0015
2024-12-06 15:15:00,7817.4927
2024-12-06 15:30:00,8086.073
2024-12-06 15:45:00,8085.3345
2024-12-06 16:00:00,8172.504
2024-12-06 16:15:00,8170.693
2024-12-06 16:30:00,8465.299
2024-12-06 16:45:00,8271.974
2024-12-06 17:00:00,7753.1836
2024-12-06 17:15:00,7996.29
2024-12-06 17:30:00,7823.0967
2024-12-06 17:45:00,4565.6
2024-12-06 18:00:00,4055.8716
2024-12-06 18:15:00,6031.6025
2024-12-06 18:30:00,7226.1978
2024-12-06 18:45:00,6833.2646
2024-12-06 19:00:00,7375.3164
2024-12-06 19:15:00,7236.8384
2024-12-06 19:30:00,7230.7573
2024-12-06 19:45:00,7353.7466
2024-12-06 20:00:00,7326.1616
2024-12-06 20:15:00,7137.2803
2024-12-06 20:30:00,7212.075
2024-12-06 20:45:00,6313.1875
2024-12-06 21:00:00,3004.2605
2024-12-06 21:15:00,2091.4814
2024-12-06 21:30:00,2045.6425
2024-12-06 21:45:00,1955.8958
2024-12-06 22:00:00,2105.8267
2024-12-06 22:15:00,1355.6273
2024-12-06 22:30:00,1240.0641
2024-12-06 22:45:00,1188.1118
2024-12-06 23:00:00,1087.0076
2024-12-06 23:15:00,840.25885
2024-12-06 23:30:00,856.9823
2024-12-06 23:45:00,830.8337
2024-12-06 00:00:00,897.43164
2024-12-07 00:15:00,857.5747
2024-12-07 00:30:00,851.3077
2024-12-07 00:45:00,851.625
2024-12-07 01:00:00,827.89667
2024-12-07 01:15:00,818.63776
2024-12-07 01:30:00,770.97504
2024-12-07 01:45:00,747.45917
2024-12-07 02:00:00,725.84894
2024-12-07 02:15:00,718.0851
2024-12-07 02:30:00,723.6898
2024-12-07 02:45:00,709.63715
2024-12-07 03:00:00,694.6372
2024-12-07 03:15:00,677.6084
2024-12-07 03:30:00,678.07965
2024-12-07 03:45:00,665.7474
2024-12-07 04:00:00,665.2348
2024-12-07 04:15:00,658.64777
2024-12-07 04:30:00,677.8003
2024-12-07 04:45:00,665.3667
2024-12-07 05:00:00,663.2479
2024-12-07 05:15:00,658.3967
2024-12-07 05:30:00,676.81696
2024-12-07 05:45:00,658.5332
2024-12-07 06:00:00,658.4238
2024-12-07 06:15:00,658.5138
2024-12-07 06:30:00,675.36475
2024-12-07 06:45:00,658.41925
2024-12-07 07:00:00,630.7051
2024-12-07 07:15:00,629.1315
2024-12-07 07:30:00,665.7377
2024-12-07 07:45:00,709.16235
2024-12-07 08:00:00,774.3963
2024-12-07 08:15:00,5147.694
2024-12-07 08:30:00,9524.124
2024-12-07 08:45:00,9877.579
2024-12-07 09:00:00,8723.741
2024-12-07 09:15:00,8654.781
2024-12-07 09:30:00,8566.566
2024-12-07 09:45:00,8312.892
2024-12-07 10:00:00,8233.138
2024-12-07 10:15:00,7814.457
2024-12-07 10:30:00,7947.2134
2024-12-07 10:45:00,7964.016
2024-12-07 11:00:00,8179.0244
2024-12-07 11:15:00,8351.002
2024-12-07 11:30:00,8262.759
2024-12-07 11:45:00,8349.963
2024-12-07 12:00:00,7564.4595
2024-12-07 12:15:00,1855.3752
2024-12-07 12:30:00,1940.066
2024-12-07 12:45:00,1893.3553
2024-12-07 13:00:00,2058.091
2024-12-07 13:15:00,4503.3765
2024-12-07 13:30:00,7874.906
2024-12-07 13:45:00,7788.8555
2024-12-07 14:00:00,8145.8813
2024-12-07 14:15:00,8033.835
2024-12-07 14:30:00,8252.161
2024-12-07 14:45:00,8240.076
2024-12-07 15:00:00,8235.693
2024-12-07 15:15:00,8155.71
2024-12-07 15:30:00,8225.149
2024-12-07 15:45:00,8167.3164
2024-12-07 16:00:00,8420.112
2024-12-07 16:15:00,8424.617
2024-12-07 16:30:00,8435.629
2024-12-07 16:45:00,8381.521
2024-12-07 17:00:00,7833.608
2024-12-07 17:15:00,8204.625
2024-12-07 17:30:00,7841.1787
2024-12-07 17:45:00,4917.0234
2024-12-07 18:00:00,4608.001
2024-12-07 18:15:00,6551.174
2024-12-07 18:30:00,7668.6606
2024-12-07 18:45:00,7136.3984
2024-12-07 19:00:00,7804.622
2024-12-07 19:15:00,7869.716
2024-12-07 19:30:00,7867.59
2024-12-07 19:45:00,7940.536
2024-12-07 20:00:00,8042.145
2024-12-07 20:15:00,7934.522
2024-12-07 20:30:00,7918.429
2024-12-07 20:45:00,7236.185
2024-12-07 21:00:00,3363.5815
2024-12-07 21:15:00,2219.9111
2024-12-07 21:30:00,2201.6604
2024-12-07 21:45:00,2159.6548
2024-12-07 22:00:00,2146.354
2024-12-07 22:15:00,1530.037
2024-12-07 22:30:00,1499.5726
2024-12-07 22:45:00,1469.1315
2024-12-07 23:00:00,1344.843
2024-12-07 23:15:00,857.48334
2024-12-07 23:30:00,875.6571
2024-12-07 23:45:00,850.61755
2024-12-07 00:00:00,864.66504
2024-12-08 00:15:00,854.7805
2024-12-08 00:30:00,857.1554
2024-12-08 00:45:00,848.39136
2024-12-08 01:00:00,854.59485
2024-12-08 01:15:00,861.15216
2024-12-08 01:30:00,847.74817
2024-12-08 01:45:00,817.50836
2024-12-08 02:00:00,790.39374
2024-12-08 02:15:00,791.46106
2024-12-08 02:30:00,814.5134
2024-12-08 02:45:00,795.6066
2024-12-08 03:00:00,781.31775
2024-12-08 03:15:00,781.66364
2024-12-08 03:30:00,792.1658
2024-12-08 03:45:00,781.8035
2024-12-08 04:00:00,746.6916
2024-12-08 04:15:00,740.95575
2024-12-08 04:30:00,758.8884
2024-12-08 04:45:00,755.86383
2024-12-08 05:00:00,738.82294
2024-12-08 05:15:00,735.50665
2024-12-08 05:30:00,753.13324
2024-12-08 05:45:00,752.3951
2024-12-08 06:00:00,729.8887
2024-12-08 06:15:00,729.91724
2024-12-08 06:30:00,750.7505
2024-12-08 06:45:00,741.5702
2024-12-08 07:00:00,723.15607
2024-12-08 07:15:00,727.8456
2024-12-08 07:30:00,756.9356
2024-12-08 07:45:00,784.7434
2024-12-08 08:00:00,1321.4937
2024-12-08 08:15:00,3806.5322
2024-12-08 08:30:00,6712.544
2024-12-08 08:45:00,6820.905
2024-12-08 09:00:00,5934.6143
2024-12-08 09:15:00,6048.5146
2024-12-08 09:30:00,5993.2573
2024-12-08 09:45:00,6051.034
2024-12-08 10:00:00,6328.031
2024-12-08 10:15:00,6515.295
2024-12-08 10:30:00,6602.047
2024-12-08 10:45:00,6618.4688
2024-12-08 11:00:00,6532.8115
2024-12-08 11:15:00,6536.6104
2024-12-08 11:30:00,6614.488
2024-12-08 11:45:00,6703.486
2024-12-08 12:00:00,4886.5327
2024-12-08 12:15:00,1481.0353
2024-12-08 12:30:00,1593.9574
2024-12-08 12:45:00,1618.3247
2024-12-08 13:00:00,2266.9521
2024-12-08 13:15:00,3652.907
2024-12-08 13:30:00,6347.0127
2024-12-08 13:45:00,6517.783
2024-12-08 14:00:00,6833.526
2024-12-08 14:15:00,6290.359
2024-12-08 14:30:00,6305.215
2024-12-08 14:45:00,6231.8623
2024-12-08 15:00:00,6501.4565
2024-12-08 15:15:00,6214.2417
2024-12-08 15:30:00,6284.169
2024-12-08 15:45:00,6342.9307
2024-12-08 16:00:00,6090.5
2024-12-08 16:15:00,5932.829
2024-12-08 16:30:00,6040.7188
2024-12-08 16:45:00,5753.42
2024-12-08 17:00:00,2679.8093
2024-12-08 17:15:00,2691.7673
2024-12-08 17:30:00,2546.437
2024-12-08 17:45:00,2007.9445
2024-12-08 18:00:00,1701.9888
2024-12-08 18:15:00,1648.5775
2024-12-08 18:30:00,1926.3171
2024-12-08 18:45:00,2323.3208
2024-12-08 19:00:00,2715.4639
2024-12-08 19:15:00,2704.9985
2024-12-08 19:30:00,2714.9036
2024-12-08 19:45:00,2767.529
2024-12-08 20:00:00,2554.7478
2024-12-08 20:15:00,2615.1301
2024-12-08 20:30:00,2617.1711
2024-12-08 20:45:00,2295.5952
2024-12-08 21:00:00,2006.8267
2024-12-08 21:15:00,1957.1248
2024-12-08 21:30:00,1969.4785
2024-12-08 21:45:00,1959.5564
2024-12-08 22:00:00,1958.5026
2024-12-08 22:15:00,1039.1161
2024-12-08 22:30:00,913.2692
2024-12-08 22:45:00,877.4014
2024-12-08 23:00:00,831.86835
2024-12-08 23:15:00,717.60693
2024-12-08 23:30:00,694.17426
2024-12-08 23:45:00,663.7451
2024-12-08 00:00:00,772.667
2024-12-09 00:15:00,696.09955
2024-12-09 00:30:00,705.0573
2024-12-09 00:45:00,697.0298
2024-12-09 01:00:00,706.0969
2024-12-09 01:15:00,677.97034
2024-12-09 01:30:00,682.54047
2024-12-09 01:45:00,665.4075
2024-12-09 02:00:00,683.0356
2024-12-09 02:15:00,667.2293
2024-12-09 02:30:00,682.7625
2024-12-09 02:45:00,682.7625
2024-12-09 03:00:00,675.20605
2024-12-09 03:15:00,648.6295
2024-12-09 03:30:00,667.9377
2024-12-09 03:45:00,667.7394
2024-12-09 04:00:00,654.9659
2024-12-09 04:15:00,637.5233
2024-12-09 04:30:00,667.2392
2024-12-09 04:45:00,655.3684
2024-12-09 05:00:00,655.03595
2024-12-09 05:15:00,647.12476
2024-12-09 05:30:00,667.8872
2024-12-09 05:45:00,667.8872
2024-12-09 06:00:00,648.3273
2024-12-09 06:15:00,636.7314
2024-12-09 06:30:00,654.7328
2024-12-09 06:45:00,654.7328
2024-12-09 07:00:00,625.1829
2024-12-09 07:15:00,604.3342
2024-12-09 07:30:00,647.31433
2024-12-09 07:45:00,669.9837
2024-12-09 08:00:00,705.77625
2024-12-09 08:15:00,2604.7463
2024-12-09 08:30:00,4346.4917
2024-12-09 08:45:00,4223.468
2024-12-09 09:00:00,3876.5767
2024-12-09 09:15:00,2521.934
2024-12-09 09:30:00,2650.6033
2024-12-09 09:45:00,2576.0334
2024-12-09 10:00:00,1745.9146
2024-12-09 10:15:00,1669.7286
2024-12-09 10:30:00,1728.7122
2024-12-09 10:45:00,1729.6118
2024-12-09 11:00:00,1703.1235
2024-12-09 11:15:00,1454.3728
2024-12-09 11:30:00,1435.6271
2024-12-09 11:45:00,1435.8937
2024-12-09 12:00:00,1362.5267
2024-12-09 12:15:00,1614.3998
2024-12-09 12:30:00,1588.9648
2024-12-09 12:45:00,1572.1613
2024-12-09 13:00:00,1653.19
2024-12-09 13:15:00,1754.2596
2024-12-09 13:30:00,1891.332
2024-12-09 13:45:00,1837.2738
2024-12-09 14:00:00,1719.8362
2024-12-09 14:15:00,1699.4668
2024-12-09 14:30:00,1693.0375
2024-12-09 14:45:00,1694.6047
2024-12-09 15:00:00,1653.6404
2024-12-09 15:15:00,1634.8083
2024-12-09 15:30:00,1635.8618
2024-12-09 15:45:00,1692.8837
2024-12-09 16:00:00,1724.9825
2024-12-09 16:15:00,1762.5049
2024-12-09 16:30:00,1831.2013
2024-12-09 16:45:00,1844.2891
2024-12-09 17:00:00,1918.5774
2024-12-09 17:15:00,1895.2435
2024-12-09 17:30:00,1826.5879
2024-12-09 17:45:00,1790.0485
2024-12-09 18:00:00,1263.4487
2024-12-09 18:15:00,979.34625
2024-12-09 18:30:00,1080.8904
2024-12-09 18:45:00,1615.1837
2024-12-09 19:00:00,1873.3577
2024-12-09 19:15:00,1844.9562
2024-12-09 19:30:00,1859.5646
2024-12-09 19:45:00,1882.6956
2024-12-09 20:00:00,1912.265
2024-12-09 20:15:00,1896.9114
2024-12-09 20:30:00,1961.8636
2024-12-09 20:45:00,1921.4022
2024-12-09 21:00:00,1725.0577
2024-12-09 21:15:00,1638.4004
2024-12-09 21:30:00,1654.3204
2024-12-09 21:45:00,1640.3542
2024-12-09 22:00:00,1647.6534
2024-12-09 22:15:00,782.5457
2024-12-09 22:30:00,652.4988
2024-12-09 22:45:00,607.0094
2024-12-09 23:00:00,622.506
2024-12-09 23:15:00,726.17505
2024-12-09 23:30:00,710.5863
2024-12-09 23:45:00,677.22375
2024-12-09 00:00:00,731.20844
2024-12-10 00:15:00,832.8784
2024-12-10 00:30:00,816.9469
2024-12-10 00:45:00,804.0927
2024-12-10 01:00:00,785.3814
2024-12-10 01:15:00,743.9897
2024-12-10 01:30:00,723.49097
2024-12-10 01:45:00,706.49445
2024-12-10 02:00:00,730.8883
2024-12-10 02:15:00,696.74677
2024-12-10 02:30:00,710.9312
2024-12-10 02:45:00,697.28
2024-12-10 03:00:00,697.4312
2024-12-10 03:15:00,666.7029
2024-12-10 03:30:00,684.44604
2024-12-10 03:45:00,667.35974
2024-12-10 04:00:00,640.1766
2024-12-10 04:15:00,629.7238
2024-12-10 04:30:00,660.3591
2024-12-10 04:45:00,640.9623
2024-12-10 05:00:00,637.6611
2024-12-10 05:15:00,626.28467
2024-12-10 05:30:00,646.57874
2024-12-10 05:45:00,639.88617
2024-12-10 06:00:00,625.1965
2024-12-10 06:15:00,599.78265
2024-12-10 06:30:00,635.84717
2024-12-10 06:45:00,625.7256
2024-12-10 07:00:00,622.9934
2024-12-10 07:15:00,620.14197
2024-12-10 07:30:00,690.9718
2024-12-10 07:45:00,744.89026
2024-12-10 08:00:00,1294.7765
2024-12-10 08:15:00,5001.566
2024-12-10 08:30:00,10103.438
2024-12-10 08:45:00,10337.853
2024-12-10 09:00:00,9605.782
2024-12-10 09:15:00,9547.2705
2024-12-10 09:30:00,9545.361
2024-12-10 09:45:00,9631.654
2024-12-10 10:00:00,9572.586
2024-12-10 10:15:00,8990.287
2024-12-10 10:30:00,9151.739
2024-12-10 10:45:00,9157.624
2024-12-10 11:00:00,9515.915
2024-12-10 11:15:00,9680.731
2024-12-10 11:30:00,9667.818
2024-12-10 11:45:00,9817.276
2024-12-10 12:00:00,8120.9565
2024-12-10 12:15:00,2110.9082
2024-12-10 12:30:00,2090.0276
2024-12-10 12:45:00,2081.8025
2024-12-10 13:00:00,2310.597
2024-12-10 13:15:00,5632.873
2024-12-10 13:30:00,9296.402
2024-12-10 13:45:00,9169.2705
2024-12-10 14:00:00,9412.334
2024-12-10 14:15:00,9415.1045
2024-12-10 14:30:00,9415.553
2024-12-10 14:45:00,9282.837
2024-12-10 15:00:00,9440.186
2024-12-10 15:15:00,9390.762
2024-12-10 15:30:00,9460.0
2024-12-10 15:45:00,9577.819
2024-12-10 16:00:00,10062.8
2024-12-10 16:15:00,9845.1
2024-12-10 16:30:00,9875.611
2024-12-10 16:45:00,9905.31
2024-12-10 17:00:00,9902.982
2024-12-10 17:15:00,9902.881
2024-12-10 17:30:00,9588.964
2024-12-10 17:45:00,5869.8975
2024-12-10 18:00:00,4325.955
2024-12-10 18:15:00,6786.482
2024-12-10 18:30:00,8342.282
2024-12-10 18:45:00,8052.2197
2024-12-10 19:00:00,9088.975
2024-12-10 19:15:00,8764.008
2024-12-10 19:30:00,8764.664
2024-12-10 19:45:00,8815.897
2024-12-10 20:00:00,8850.918
2024-12-10 20:15:00,8395.658
2024-12-10 20:30:00,8391.504
2024-12-10 20:45:00,7779.407
2024-12-10 21:00:00,3921.3606
2024-12-10 21:15:00,2812.423
2024-12-10 21:30:00,2746.4875
2024-12-10 21:45:00,2733.819
2024-12-10 22:00:00,2671.649
2024-12-10 22:15:00,2022.3296
2024-12-10 22:30:00,1806.7631
2024-12-10 22:45:00,1719.3177
2024-12-10 23:00:00,1599.326
2024-12-10 23:15:00,1080.8475
2024-12-10 23:30:00,1080.3452
2024-12-10 23:45:00,992.9044
2024-12-10 00:00:00,872.82446
2024-12-11 00:15:00,1033.6013
2024-12-11 00:30:00,1033.6013
2024-12-11 00:45:00,1033.6013
2024-12-11 01:00:00,973.8499
2024-12-11 01:15:00,915.7132
2024-12-11 01:30:00,888.60693
2024-12-11 01:45:00,819.5244
2024-12-11 02:00:00,878.2731
2024-12-11 02:15:00,837.879
2024-12-11 02:30:00,847.3663
2024-12-11 02:45:00,819.09467
2024-12-11 03:00:00,832.3105
2024-12-11 03:15:00,794.1582
2024-12-11 03:30:00,813.17175
2024-12-11 03:45:00,785.75525
2024-12-11 04:00:00,778.222
2024-12-11 04:15:00,754.32135
2024-12-11 04:30:00,781.13556
2024-12-11 04:45:00,769.9664
2024-12-11 05:00:00,763.702
2024-12-11 05:15:00,746.37695
2024-12-11 05:30:00,778.9651
2024-12-11 05:45:00,767.4786
2024-12-11 06:00:00,746.3335
2024-12-11 06:15:00,725.94946
2024-12-11 06:30:00,750.8633
2024-12-11 06:45:00,750.40576
2024-12-11 07:00:00,770.3441
2024-12-11 07:15:00,779.66455
2024-12-11 07:30:00,835.7619
2024-12-11 07:45:00,897.5964
2024-12-11 08:00:00,1538.5911
2024-12-11 08:15:00,6280.9863
2024-12-11 08:30:00,11416.129
2024-12-11 08:45:00,11699.796
2024-12-11 09:00:00,11377.105
2024-12-11 09:15:00,10355.154
2024-12-11 09:30:00,10352.957
2024-12-11 09:45:00,10363.982
2024-12-11 10:00:00,10133.811
2024-12-11 10:15:00,9702.867
2024-12-11 10:30:00,9681.329
2024-12-11 10:45:00,9806.761
2024-12-11 11:00:00,10148.481
2024-12-11 11:15:00,10515.645
2024-12-11 11:30:00,10385.035
2024-12-11 11:45:00,10472.363
2024-12-11 12:00:00,9100.333
2024-12-11 12:15:00,2276.5955
2024-12-11 12:30:00,2237.7966
2024-12-11 12:45:00,2237.3142
2024-12-11 13:00:00,2523.46
2024-12-11 13:15:00,5709.3496
2024-12-11 13:30:00,9407.077
2024-12-11 13:45:00,9420.867
2024-12-11 14:00:00,9661.603
2024-12-11 14:15:00,9246.0205
2024-12-11 14:30:00,9430.251
2024-12-11 14:45:00,9247.673
2024-12-11 15:00:00,9237.099
2024-12-11 15:15:00,9136.706
2024-12-11 15:30:00,9318.633
2024-12-11 15:45:00,9457.364
2024-12-11 16:00:00,9517.525
2024-12-11 16:15:00,9288.526
2024-12-11 16:30:00,9506.872
2024-12-11 16:45:00,9555.066
2024-12-11 17:00:00,9987.296
2024-12-11 17:15:00,9784.969
2024-12-11 17:30:00,9471.234
2024-12-11 17:45:00,5596.0596
2024-12-11 18:00:00,4222.3926
2024-12-11 18:15:00,6443.087
2024-12-11 18:30:00,7980.4097
2024-12-11 18:45:00,7346.3564
2024-12-11 19:00:00,8508.768
2024-12-11 19:15:00,8132.462
2024-12-11 19:30:00,8107.051
2024-12-11 19:45:00,7926.8906
2024-12-11 20:00:00,8178.572
2024-12-11 20:15:00,7761.46
2024-12-11 20:30:00,7807.591
2024-12-11 20:45:00,7143.8945
2024-12-11 21:00:00,3492.8254
2024-12-11 21:15:00,2550.474
2024-12-11 21:30:00,2489.17
2024-12-11 21:45:00,2417.9336
2024-12-11 22:00:00,2654.9902
2024-12-11 22:15:00,2765.9531
2024-12-11 22:30:00,2686.438
2024-12-11 22:45:00,2576.768
2024-12-11 23:00:00,2583.5315
2024-12-11 23:15:00,1647.8185
2024-12-11 23:30:00,1651.1813
2024-12-11 23:45:00,1602.8351
2024-12-11 00:00:00,1234.0742
2024-12-12 00:15:00,1318.438
2024-12-12 00:30:00,1318.438
2024-12-12 00:45:00,1318.438
2024-12-12 01:00:00,1134.8263
2024-12-12 01:15:00,1134.8547
2024-12-12 01:30:00,1039.794
2024-12-12 01:45:00,983.02814
2024-12-12 02:00:00,855.0048
2024-12-12 02:15:00,855.0334
2024-12-12 02:30:00,855.0334
2024-12-12 02:45:00,840.8308
2024-12-12 03:00:00,797.35425
2024-12-12 03:15:00,797.3828
2024-12-12 03:30:00,806.1907
2024-12-12 03:45:00,793.1638
2024-12-12 04:00:00,782.05035
2024-12-12 04:15:00,792.8953
2024-12-12 04:30:00,820.0591
2024-12-12 04:45:00,806.1907
2024-12-12 05:00:00,781.455
2024-12-12 05:15:00,792.726
2024-12-12 05:30:00,820.0701
2024-12-12 05:45:00,820.0701
2024-12-12 06:00:00,779.9937
2024-12-12 06:15:00,780.5389
2024-12-12 06:30:00,806.3835
2024-12-12 06:45:00,804.91046
2024-12-12 07:00:00,779.45654
2024-12-12 07:15:00,795.2844
2024-12-12 07:30:00,833.8529
2024-12-12 07:45:00,928.54504
2024-12-12 08:00:00,1310.797
2024-12-12 08:15:00,6166.8394
2024-12-12 08:30:00,11736.009
2024-12-12 08:45:00,12147.018
2024-12-12 09:00:00,10267.547
2024-12-12 09:15:00,9607.528
2024-12-12 09:30:00,9459.218
2024-12-12 09:45:00,9456.738
2024-12-12 10:00:00,9194.988
2024-12-12 10:15:00,8570.323
2024-12-12 10:30:00,8549.421
2024-12-12 10:45:00,8690.92
2024-12-12 11:00:00,9137.803
2024-12-12 11:15:00,9233.451
2024-12-12 11:30:00,9065.137
2024-12-12 11:45:00,9150.239
2024-12-12 12:00:00,7856.447
2024-12-12 12:15:00,2017.4023
2024-12-12 12:30:00,2005.4092
2024-12-12 12:45:00,1992.4586
2024-12-12 13:00:00,2208.9624
2024-12-12 13:15:00,5428.4155
2024-12-12 13:30:00,8957.377
2024-12-12 13:45:00,9019.177
2024-12-12 14:00:00,9415.951
2024-12-12 14:15:00,9446.167
2024-12-12 14:30:00,9442.966
2024-12-12 14:45:00,9443.094
2024-12-12 15:00:00,9447.617
2024-12-12 15:15:00,9318.455
2024-12-12 15:30:00,9404.269
2024-12-12 15:45:00,9508.751
2024-12-12 16:00:00,9414.365
2024-12-12 16:15:00,9287.433
2024-12-12 16:30:00,9446.258
2024-12-12 16:45:00,9634.858
2024-12-12 17:00:00,9311.453
2024-12-12 17:15:00,9199.815
2024-12-12 17:30:00,8720.417
2024-12-12 17:45:00,5082.6426
2024-12-12 18:00:00,3591.9846
2024-12-12 18:15:00,6062.9556
2024-12-12 18:30:00,7635.085
2024-12-12 18:45:00,7299.5283
2024-12-12 19:00:00,7371.6816
2024-12-12 19:15:00,7095.429
2024-12-12 19:30:00,7125.747
2024-12-12 19:45:00,7128.241
2024-12-12 20:00:00,7196.9087
2024-12-12 20:15:00,7142.5093
2024-12-12 20:30:00,7218.2754
2024-12-12 20:45:00,6286.792
2024-12-12 21:00:00,2984.1096
2024-12-12 21:15:00,2193.5994
2024-12-12 21:30:00,2135.9932
2024-12-12 21:45:00,2089.087
2024-12-12 22:00:00,2190.204
2024-12-12 22:15:00,1330.9014
2024-12-12 22:30:00,1160.069
2024-12-12 22:45:00,1111.9939
2024-12-12 23:00:00,1073.3456
2024-12-12 23:15:00,994.7466
2024-12-12 23:30:00,994.7466
2024-12-12 23:45:00,975.3442
2024-12-12 00:00:00,1163.0297
2024-12-13 00:15:00,1329.9019
2024-12-13 00:30:00,1329.9019
2024-12-13 00:45:00,1327.8824
2024-12-13 01:00:00,1178.3959
2024-12-13 01:15:00,1102.521
2024-12-13 01:30:00,1037.5953
2024-12-13 01:45:00,990.60364
2024-12-13 02:00:00,905.8064
2024-12-13 02:15:00,879.9083
2024-12-13 02:30:00,877.83545
2024-12-13 02:45:00,861.1826
2024-12-13 03:00:00,839.3362
2024-12-13 03:15:00,828.81067
2024-12-13 03:30:00,835.6764
2024-12-13 03:45:00,813.84
2024-12-13 04:00:00,755.4542
2024-12-13 04:15:00,755.5696
2024-12-13 04:30:00,780.03406
2024-12-13 04:45:00,766.0304
2024-12-13 05:00:00,755.9841
2024-12-13 05:15:00,755.63965
2024-12-13 05:30:00,780.1041
2024-12-13 05:45:00,776.32025
2024-12-13 06:00:00,743.5935
2024-12-13 06:15:00,743.6221
2024-12-13 06:30:00,766.1024
2024-12-13 06:45:00,765.478
2024-12-13 07:00:00,804.4723
2024-12-13 07:15:00,822.81
2024-12-13 07:30:00,848.098
2024-12-13 07:45:00,960.25165
2024-12-13 08:00:00,1633.1775
2024-12-13 08:15:00,7003.09
2024-12-13 08:30:00,12729.481
2024-12-13 08:45:00,13502.899
2024-12-13 09:00:00,11354.767
2024-12-13 09:15:00,11202.131
2024-12-13 09:30:00,10981.739
2024-12-13 09:45:00,10983.222
2024-12-13 10:00:00,10715.494
2024-12-13 10:15:00,10043.72
2024-12-13 10:30:00,9986.501
2024-12-13 10:45:00,10048.997
2024-12-13 11:00:00,9930.825
2024-12-13 11:15:00,10331.931
2024-12-13 11:30:00,9999.084
2024-12-13 11:45:00,10088.906
2024-12-13 12:00:00,8708.046
2024-12-13 12:15:00,2168.6133
2024-12-13 12:30:00,1914.522
2024-12-13 12:45:00,1916.3617
2024-12-13 13:00:00,2254.8599
2024-12-13 13:15:00,5598.912
2024-12-13 13:30:00,9286.341
2024-12-13 13:45:00,9424.1045
2024-12-13 14:00:00,9363.993
2024-12-13 14:15:00,9423.21
2024-12-13 14:30:00,9423.879
2024-12-13 14:45:00,9439.164
2024-12-13 15:00:00,9176.891
2024-12-13 15:15:00,9111.29
2024-12-13 15:30:00,9284.702
2024-12-13 15:45:00,9284.208
2024-12-13 16:00:00,8889.563
2024-12-13 16:15:00,8879.635
2024-12-13 16:30:00,9111.8545
2024-12-13 16:45:00,9122.756
2024-12-13 17:00:00,8162.5713
2024-12-13 17:15:00,7829.578
2024-12-13 17:30:00,7514.105
2024-12-13 17:45:00,4268.4604
2024-12-13 18:00:00,3360.3154
2024-12-13 18:15:00,5689.2236
2024-12-13 18:30:00,7397.6157
2024-12-13 18:45:00,7019.1074
2024-12-13 19:00:00,6715.518
2024-12-13 19:15:00,6536.7456
2024-12-13 19:30:00,6547.3438
2024-12-13 19:45:00,6549.9697
2024-12-13 20:00:00,6634.224
2024-12-13 20:15:00,6852.7646
2024-12-13 20:30:00,6967.829
2024-12-13 20:45:00,6209.786
2024-12-13 21:00:00,3391.5457
2024-12-13 21:15:00,2275.6675
2024-12-13 21:30:00,2237.2446
2024-12-13 21:45:00,2138.7463
2024-12-13 22:00:00,2259.04
2024-12-13 22:15:00,1588.318
2024-12-13 22:30:00,1482.1774
2024-12-13 22:45:00,1462.2305
2024-12-13 23:00:00,1387.3802
2024-12-13 23:15:00,1211.9133
2024-12-13 23:30:00,1211.1774
2024-12-13 23:45:00,1190.1036
2024-12-13 00:00:00,1335.6642
2024-12-14 00:15:00,1326.3654
2024-12-14 00:30:00,1346.794
2024-12-14 00:45:00,1349.9344
2024-12-14 01:00:00,1158.2109
2024-12-14 01:15:00,1157.3373
2024-12-14 01:30:00,1079.7937
2024-12-14 01:45:00,1033.9689
2024-12-14 02:00:00,770.1265
2024-12-14 02:15:00,769.89526
2024-12-14 02:30:00,779.88226
2024-12-14 02:45:00,758.5871
2024-12-14 03:00:00,726.1404
2024-12-14 03:15:00,724.3507
2024-12-14 03:30:00,726.5376
2024-12-14 03:45:00,724.30896
2024-12-14 04:00:00,684.3104
2024-12-14 04:15:00,692.59656
2024-12-14 04:30:00,713.80896
2024-12-14 04:45:00,714.1668
2024-12-14 05:00:00,692.63806
2024-12-14 05:15:00,692.81616
2024-12-14 05:30:00,714.2369
2024-12-14 05:45:00,714.59894
2024-12-14 06:00:00,692.48596
2024-12-14 06:15:00,692.5145
2024-12-14 06:30:00,713.879
2024-12-14 06:45:00,714.54114
2024-12-14 07:00:00,723.6798
2024-12-14 07:15:00,715.2763
2024-12-14 07:30:00,742.9463
2024-12-14 07:45:00,806.3436
2024-12-14 08:00:00,1082.9316
2024-12-14 08:15:00,5650.0625
2024-12-14 08:30:00,10699.56
2024-12-14 08:45:00,10994.01
2024-12-14 09:00:00,9461.968
2024-12-14 09:15:00,9609.535
2024-12-14 09:30:00,9490.849
2024-12-14 09:45:00,9306.528
2024-12-14 10:00:00,9092.825
2024-12-14 10:15:00,8209.909
2024-12-14 10:30:00,8489.817
2024-12-14 10:45:00,8437.232
2024-12-14 11:00:00,8383.059
2024-12-14 11:15:00,8615.59
2024-12-14 11:30:00,8605.272
2024-12-14 11:45:00,8744.911
2024-12-14 12:00:00,7865.509
2024-12-14 12:15:00,2124.6582
2024-12-14 12:30:00,2089.2031
2024-12-14 12:45:00,2136.355
2024-12-14 13:00:00,2280.2507
2024-12-14 13:15:00,5117.1274
2024-12-14 13:30:00,8883.656
2024-12-14 13:45:00,9019.99
2024-12-14 14:00:00,8923.479
2024-12-14 14:15:00,8889.568
2024-12-14 14:30:00,9254.94
2024-12-14 14:45:00,9265.199
2024-12-14 15:00:00,9260.326
2024-12-14 15:15:00,9099.536
2024-12-14 15:30:00,9285.253
2024-12-14 15:45:00,9269.808
2024-12-14 16:00:00,8878.5625
2024-12-14 16:15:00,8814.206
2024-12-14 16:30:00,8866.253
2024-12-14 16:45:00,8799.063
2024-12-14 17:00:00,7866.2173
2024-12-14 17:15:00,7605.598
2024-12-14 17:30:00,7334.117
2024-12-14 17:45:00,4411.462
2024-12-14 18:00:00,3260.7312
2024-12-14 18:15:00,4742.7085
2024-12-14 18:30:00,5972.5273
2024-12-14 18:45:00,5510.2915
2024-12-14 19:00:00,6059.617
2024-12-14 19:15:00,5964.048
2024-12-14 19:30:00,5995.4985
2024-12-14 19:45:00,6131.711
2024-12-14 20:00:00,6256.148
2024-12-14 20:15:00,6630.481
2024-12-14 20:30:00,6558.248
2024-12-14 20:45:00,6301.4307
2024-12-14 21:00:00,3043.5195
2024-12-14 21:15:00,2144.9165
2024-12-14 21:30:00,2113.856
2024-12-14 21:45:00,2040.3862
2024-12-14 22:00:00,1970.8496
2024-12-14 22:15:00,1171.3235
2024-12-14 22:30:00,1142.4331
2024-12-14 22:45:00,1094.0073
2024-12-14 23:00:00,1048.9213
2024-12-14 23:15:00,907.48004
2024-12-14 23:30:00,919.9373
2024-12-14 23:45:00,919.9373
2024-12-14 00:00:00,1328.906
2024-12-15 00:15:00,971.4529
2024-12-15 00:30:00,969.1118
2024-12-15 00:45:00,969.1899
2024-12-15 01:00:00,887.9161
2024-12-15 01:15:00,888.04694
2024-12-15 01:30:00,850.54626
2024-12-15 01:45:00,840.04034
2024-12-15 02:00:00,802.5925
2024-12-15 02:15:00,808.9112
2024-12-15 02:30:00,833.0345
2024-12-15 02:45:00,811.32794
2024-12-15 03:00:00,782.35266
2024-12-15 03:15:00,797.8287
2024-12-15 03:30:00,811.6171
2024-12-15 03:45:00,801.84863
2024-12-15 04:00:00,758.2099
2024-12-15 04:15:00,758.46326
2024-12-15 04:30:00,784.45325
2024-12-15 04:45:00,784.6316
2024-12-15 05:00:00,743.5039
2024-12-15 05:15:00,745.1632
2024-12-15 05:30:00,770.02325
2024-12-15 05:45:00,770.02325
2024-12-15 06:00:00,756.55054
2024-12-15 06:15:00,758.0521
2024-12-15 06:30:00,782.071
2024-12-15 06:45:00,781.81116
2024-12-15 07:00:00,726.1667
2024-12-15 07:15:00,744.76154
2024-12-15 07:30:00,792.6079
2024-12-15 07:45:00,830.0909
2024-12-15 08:00:00,2406.844
2024-12-15 08:15:00,5119.016
2024-12-15 08:30:00,8227.715
2024-12-15 08:45:00,8469.843
2024-12-15 09:00:00,7429.1865
2024-12-15 09:15:00,5521.598
2024-12-15 09:30:00,5566.6895
2024-12-15 09:45:00,5648.8403
2024-12-15 10:00:00,4511.6494
2024-12-15 10:15:00,3862.9248
2024-12-15 10:30:00,4236.3315
2024-12-15 10:45:00,4244.7144
2024-12-15 11:00:00,3856.2498
2024-12-15 11:15:00,3532.1855
2024-12-15 11:30:00,3643.267
2024-12-15 11:45:00,3814.1494
2024-12-15 12:00:00,2429.3386
2024-12-15 12:15:00,2449.2678
2024-12-15 12:30:00,2540.7783
2024-12-15 12:45:00,2571.4045
2024-12-15 13:00:00,3431.569
2024-12-15 13:15:00,3537.9136
2024-12-15 13:30:00,4232.779
2024-12-15 13:45:00,4366.4355
2024-12-15 14:00:00,4242.6914
2024-12-15 14:15:00,3647.0117
2024-12-15 14:30:00,3823.6782
2024-12-15 14:45:00,3823.5085
2024-12-15 15:00:00,3816.746
2024-12-15 15:15:00,3639.232
2024-12-15 15:30:00,3817.1963
2024-12-15 15:45:00,3858.8013
2024-12-15 16:00:00,3239.7324
2024-12-15 16:15:00,3429.5894
2024-12-15 16:30:00,3532.035
2024-12-15 16:45:00,3534.8608
2024-12-15 17:00:00,2064.6663
2024-12-15 17:15:00,2066.3862
2024-12-15 17:30:00,2045.9796
2024-12-15 17:45:00,2064.9397
2024-12-15 18:00:00,1288.1829
2024-12-15 18:15:00,834.18427
2024-12-15 18:30:00,996.9131
2024-12-15 18:45:00,1864.5212
2024-12-15 19:00:00,2029.6112
2024-12-15 19:15:00,1988.5
2024-12-15 19:30:00,2039.0126
2024-12-15 19:45:00,2071.325
2024-12-15 20:00:00,1985.3822
2024-12-15 20:15:00,1920.6782
2024-12-15 20:30:00,1980.0623
2024-12-15 20:45:00,1991.8048
2024-12-15 21:00:00,1813.1625
2024-12-15 21:15:00,1795.7418
2024-12-15 21:30:00,1873.2972
2024-12-15 21:45:00,1919.1158
2024-12-15 22:00:00,1771.8695
2024-12-15 22:15:00,705.48016
2024-12-15 22:30:00,586.2324
2024-12-15 22:45:00,575.0843
2024-12-15 23:00:00,590.1252
2024-12-15 23:15:00,647.65497
2024-12-15 23:30:00,645.6169
2024-12-15 23:45:00,645.60376
2024-12-15 00:00:00,874.56366
2024-12-16 00:15:00,730.8375
2024-12-16 00:30:00,724.10785
2024-12-16 00:45:00,718.87866
2024-12-16 01:00:00,707.41864
2024-12-16 01:15:00,707.6047
2024-12-16 01:30:00,692.75085
2024-12-16 01:45:00,678.7265
2024-12-16 02:00:00,705.6416
2024-12-16 02:15:00,692.3941
2024-12-16 02:30:00,705.34845
2024-12-16 02:45:00,706.4438
2024-12-16 03:00:00,693.56946
2024-12-16 03:15:00,693.1941
2024-12-16 03:30:00,707.47046
2024-12-16 03:45:00,694.6783
2024-12-16 04:00:00,675.7953
2024-12-16 04:15:00,675.7907
2024-12-16 04:30:00,707.17676
2024-12-16 04:45:00,694.23425
2024-12-16 05:00:00,675.7158
2024-12-16 05:15:00,675.71124
2024-12-16 05:30:00,693.62994
2024-12-16 05:45:00,693.8965
2024-12-16 06:00:00,693.7654
2024-12-16 06:15:00,693.44244
2024-12-16 06:30:00,707.17255
2024-12-16 06:45:00,716.27606
2024-12-16 07:00:00,705.75806
2024-12-16 07:15:00,705.42914
2024-12-16 07:30:00,741.8816
2024-12-16 07:45:00,779.7906
2024-12-16 08:00:00,1429.2751
2024-12-16 08:15:00,3371.0076
2024-12-16 08:30:00,5528.346
2024-12-16 08:45:00,5560.3745
2024-12-16 09:00:00,4998.193
2024-12-16 09:15:00,6948.842
2024-12-16 09:30:00,7133.2534
2024-12-16 09:45:00,7295.4316
2024-12-16 10:00:00,7142.138
2024-12-16 10:15:00,7239.576
2024-12-16 10:30:00,7306.4087
2024-12-16 10:45:00,7380.5493
2024-12-16 11:00:00,6897.16
2024-12-16 11:15:00,7177.7905
2024-12-16 11:30:00,7330.629
2024-12-16 11:45:00,7428.0347
2024-12-16 12:00:00,5367.072
2024-12-16 12:15:00,1649.8689
2024-12-16 12:30:00,1677.9646
2024-12-16 12:45:00,1762.7518
2024-12-16 13:00:00,2658.8694
2024-12-16 13:15:00,4347.643
2024-12-16 13:30:00,6940.275
2024-12-16 13:45:00,6993.3623
2024-12-16 14:00:00,6545.957
2024-12-16 14:15:00,6437.95
2024-12-16 14:30:00,6431.4224
2024-12-16 14:45:00,6538.967
2024-12-16 15:00:00,6520.259
2024-12-16 15:15:00,6570.64
2024-12-16 15:30:00,6594.7617
2024-12-16 15:45:00,6782.418
2024-12-16 16:00:00,5801.5986
2024-12-16 16:15:00,5874.0854
2024-12-16 16:30:00,5832.1484
2024-12-16 16:45:00,6067.7197
2024-12-16 17:00:00,2977.9563
2024-12-16 17:15:00,2816.7761
2024-12-16 17:30:00,2696.315
2024-12-16 17:45:00,1757.1232
2024-12-16 18:00:00,1556.2971
2024-12-16 18:15:00,2188.754
2024-12-16 18:30:00,2872.278
2024-12-16 18:45:00,2983.744
2024-12-16 19:00:00,2728.0723
2024-12-16 19:15:00,2717.1008
2024-12-16 19:30:00,2720.9966
2024-12-16 19:45:00,2815.86
2024-12-16 20:00:00,3183.806
2024-12-16 20:15:00,3245.1812
2024-12-16 20:30:00,3247.2935
2024-12-16 20:45:00,2969.1384
2024-12-16 21:00:00,2066.103
2024-12-16 21:15:00,1683.6506
2024-12-16 21:30:00,1707.3513
2024-12-16 21:45:00,1699.7865
2024-12-16 22:00:00,1727.4159
2024-12-16 22:15:00,975.0264
2024-12-16 22:30:00,892.9576
2024-12-16 22:45:00,878.3561
2024-12-16 23:00:00,830.3055
2024-12-16 23:15:00,618.4916
2024-12-16 23:30:00,616.80853
2024-12-16 23:45:00,645.43835
2024-12-16 00:00:00,755.55615
2024-12-17 00:15:00,901.2381
2024-12-17 00:30:00,897.5165
2024-12-17 00:45:00,878.41437
2024-12-17 01:00:00,854.85223
2024-12-17 01:15:00,802.02264
2024-12-17 01:30:00,751.6467
2024-12-17 01:45:00,725.879
2024-12-17 02:00:00,783.58545
2024-12-17 02:15:00,733.59143
2024-12-17 02:30:00,753.7948
2024-12-17 02:45:00,738.01624
2024-12-17 03:00:00,730.82635
2024-12-17 03:15:00,706.6263
2024-12-17 03:30:00,725.5254
2024-12-17 03:45:00,706.1135
2024-12-17 04:00:00,696.8381
2024-12-17 04:15:00,683.3292
2024-12-17 04:30:00,720.81647
2024-12-17 04:45:00,697.37195
2024-12-17 05:00:00,697.13214
2024-12-17 05:15:00,660.07733
2024-12-17 05:30:00,696.80945
2024-12-17 05:45:00,683.1977
2024-12-17 06:00:00,696.9616
2024-12-17 06:15:00,659.63617
2024-12-17 06:30:00,705.3047
2024-12-17 06:45:00,683.4311
2024-12-17 07:00:00,698.8566
2024-12-17 07:15:00,698.7829
2024-12-17 07:30:00,766.0102
2024-12-17 07:45:00,827.5685
2024-12-17 08:00:00,1570.6193
2024-12-17 08:15:00,5627.2773
2024-12-17 08:30:00,10585.804
2024-12-17 08:45:00,10814.332
2024-12-17 09:00:00,10188.375
2024-12-17 09:15:00,9992.124
2024-12-17 09:30:00,10084.755
2024-12-17 09:45:00,9990.848
2024-12-17 10:00:00,10013.257
2024-12-17 10:15:00,9476.958
2024-12-17 10:30:00,9599.221
2024-12-17 10:45:00,9464.194
2024-12-17 11:00:00,9874.983
2024-12-17 11:15:00,9781.614
2024-12-17 11:30:00,9905.536
2024-12-17 11:45:00,9958.744
2024-12-17 12:00:00,8474.451
2024-12-17 12:15:00,2208.7366
2024-12-17 12:30:00,2143.6606
2024-12-17 12:45:00,2143.1396
2024-12-17 13:00:00,2407.6292
2024-12-17 13:15:00,5432.9604
2024-12-17 13:30:00,9268.605
2024-12-17 13:45:00,9308.547
2024-12-17 14:00:00,9559.171
2024-12-17 14:15:00,9278.565
2024-12-17 14:30:00,9425.111
2024-12-17 14:45:00,9280.455
2024-12-17 15:00:00,9418.032
2024-12-17 15:15:00,9281.723
2024-12-17 15:30:00,9434.38
2024-12-17 15:45:00,9585.592
2024-12-17 16:00:00,9243.521
2024-12-17 16:15:00,9082.046
2024-12-17 16:30:00,9177.393
2024-12-17 16:45:00,9105.676
2024-12-17 17:00:00,8662.291
2024-12-17 17:15:00,8689.162
2024-12-17 17:30:00,8302.958
2024-12-17 17:45:00,4783.0835
2024-12-17 18:00:00,3562.3645
2024-12-17 18:15:00,5412.7407
2024-12-17 18:30:00,7336.403
2024-12-17 18:45:00,7087.452
2024-12-17 19:00:00,8061.0596
2024-12-17 19:15:00,7744.918
2024-12-17 19:30:00,7737.838
2024-12-17 19:45:00,7733.0054
2024-12-17 20:00:00,7772.1943
2024-12-17 20:15:00,7263.836
2024-12-17 20:30:00,7356.986
2024-12-17 20:45:00,6834.184
2024-12-17 21:00:00,2991.6074
2024-12-17 21:15:00,2220.5745
2024-12-17 21:30:00,2198.0435
2024-12-17 21:45:00,2197.7766
2024-12-17 22:00:00,2134.3074
2024-12-17 22:15:00,1451.1174
2024-12-17 22:30:00,1345.8076
2024-12-17 22:45:00,1235.5486
2024-12-17 23:00:00,1189.6669
2024-12-17 23:15:00,956.61505
2024-12-17 23:30:00,956.1642
2024-12-17 23:45:00,937.0037
2024-12-17 00:00:00,966.08246
2024-12-18 00:15:00,1085.9658
2024-12-18 00:30:00,1031.7266
2024-12-18 00:45:00,1033.0607
2024-12-18 01:00:00,933.58887
2024-12-18 01:15:00,850.49976
2024-12-18 01:30:00,795.0375
2024-12-18 01:45:00,742.8467
2024-12-18 02:00:00,822.53766
2024-12-18 02:15:00,765.96106
2024-12-18 02:30:00,784.32623
2024-12-18 02:45:00,753.9899
2024-12-18 03:00:00,747.64264
2024-12-18 03:15:00,710.77454
2024-12-18 03:30:00,726.5007
2024-12-18 03:45:00,714.1776
2024-12-18 04:00:00,689.8129
2024-12-18 04:15:00,657.8935
2024-12-18 04:30:00,689.98627
2024-12-18 04:45:00,689.98627
2024-12-18 05:00:00,689.824
2024-12-18 05:15:00,657.1071
2024-12-18 05:30:00,689.9973
2024-12-18 05:45:00,689.9973
2024-12-18 06:00:00,689.96875
2024-12-18 06:15:00,657.8021
2024-12-18 06:30:00,676.43823
2024-12-18 06:45:00,676.43823
2024-12-18 07:00:00,677.24335
2024-12-18 07:15:00,690.67194
2024-12-18 07:30:00,735.3511
2024-12-18 07:45:00,794.80206
2024-12-18 08:00:00,1162.6521
2024-12-18 08:15:00,5810.4253
2024-12-18 08:30:00,10637.998
2024-12-18 08:45:00,10969.912
2024-12-18 09:00:00,10369.432
2024-12-18 09:15:00,9028.349
2024-12-18 09:30:00,9149.369
2024-12-18 09:45:00,9151.01
2024-12-18 10:00:00,8557.651
2024-12-18 10:15:00,8142.61
2024-12-18 10:30:00,8194.247
2024-12-18 10:45:00,8195.38
2024-12-18 11:00:00,8745.142
2024-12-18 11:15:00,8538.443
2024-12-18 11:30:00,8647.962
2024-12-18 11:45:00,8643.133
2024-12-18 12:00:00,8135.7334
2024-12-18 12:15:00,2141.917
2024-12-18 12:30:00,2097.2747
2024-12-18 12:45:00,2012.446
2024-12-18 13:00:00,1967.5471
2024-12-18 13:15:00,4568.027
2024-12-18 13:30:00,8301.737
2024-12-18 13:45:00,8496.147
2024-12-18 14:00:00,8209.557
2024-12-18 14:15:00,8066.1553
2024-12-18 14:30:00,8109.755
2024-12-18 14:45:00,8113.325
2024-12-18 15:00:00,7852.288
2024-12-18 15:15:00,7718.6616
2024-12-18 15:30:00,7843.9775
2024-12-18 15:45:00,8015.3037
2024-12-18 16:00:00,7453.559
2024-12-18 16:15:00,7212.834
2024-12-18 16:30:00,7487.3096
2024-12-18 16:45:00,7289.992
2024-12-18 17:00:00,6978.8003
2024-12-18 17:15:00,6681.348
2024-12-18 17:30:00,6295.105
2024-12-18 17:45:00,3224.346
2024-12-18 18:00:00,2511.2126
2024-12-18 18:15:00,3965.109
2024-12-18 18:30:00,5687.0947
2024-12-18 18:45:00,5069.442
2024-12-18 19:00:00,5292.8647
2024-12-18 19:15:00,4956.5093
2024-12-18 19:30:00,4955.83
2024-12-18 19:45:00,4703.892
2024-12-18 20:00:00,5139.942
2024-12-18 20:15:00,5074.022
2024-12-18 20:30:00,5059.829
2024-12-18 20:45:00,4153.9873
2024-12-18 21:00:00,2845.7014
2024-12-18 21:15:00,2165.9153
2024-12-18 21:30:00,2141.6548
2024-12-18 21:45:00,2078.6218
2024-12-18 22:00:00,2242.5771
2024-12-18 22:15:00,1700.4476
2024-12-18 22:30:00,1666.8575
2024-12-18 22:45:00,1526.7063
2024-12-18 23:00:00,1642.7609
2024-12-18 23:15:00,1570.3784
2024-12-18 23:30:00,1576.5264
2024-12-18 23:45:00,1570.2246
2024-12-18 00:00:00,1334.1168
2024-12-19 00:15:00,1364.7216
2024-12-19 00:30:00,1443.6268
2024-12-19 00:45:00,1442.6736
2024-12-19 01:00:00,1132.764
2024-12-19 01:15:00,1086.1063
2024-12-19 01:30:00,999.22034
2024-12-19 01:45:00,993.3022
2024-12-19 02:00:00,936.0052
2024-12-19 02:15:00,965.88184
2024-12-19 02:30:00,992.84576
2024-12-19 02:45:00,975.69525
2024-12-19 03:00:00,889.49493
2024-12-19 03:15:00,888.8362
2024-12-19 03:30:00,909.88214
2024-12-19 03:45:00,897.4248
2024-12-19 04:00:00,833.8645
2024-12-19 04:15:00,848.0439
2024-12-19 04:30:00,892.494
2024-12-19 04:45:00,897.4248
2024-12-19 05:00:00,888.8704
2024-12-19 05:15:00,892.50507
2024-12-19 05:30:00,928.5445
2024-12-19 05:45:00,928.5445
2024-12-19 06:00:00,931.2239
2024-12-19 06:15:00,912.5494
2024-12-19 06:30:00,949.0971
2024-12-19 06:45:00,949.0971
2024-12-19 07:00:00,864.6077
2024-12-19 07:15:00,892.8839
2024-12-19 07:30:00,949.15295
2024-12-19 07:45:00,1024.9484
2024-12-19 08:00:00,1167.9133
2024-12-19 08:15:00,5645.557
2024-12-19 08:30:00,10285.4375
2024-12-19 08:45:00,10553.8545
2024-12-19 09:00:00,9842.871
2024-12-19 09:15:00,9702.372
2024-12-19 09:30:00,9710.835
2024-12-19 09:45:00,9650.428
2024-12-19 10:00:00,9703.975
2024-12-19 10:15:00,9409.063
2024-12-19 10:30:00,9344.66
2024-12-19 10:45:00,9400.968
2024-12-19 11:00:00,9945.205
2024-12-19 11:15:00,9968.132
2024-12-19 11:30:00,9907.687
2024-12-19 11:45:00,9758.101
2024-12-19 12:00:00,8477.566
2024-12-19 12:15:00,2475.0046
2024-12-19 12:30:00,2317.531
2024-12-19 12:45:00,2320.4563
2024-12-19 13:00:00,2706.4824
2024-12-19 13:15:00,5714.4756
2024-12-19 13:30:00,9357.38
2024-12-19 13:45:00,9598.955
2024-12-19 14:00:00,9611.055
2024-12-19 14:15:00,9516.812
2024-12-19 14:30:00,9507.374
2024-12-19 14:45:00,9595.144
2024-12-19 15:00:00,9491.623
2024-12-19 15:15:00,9320.2
2024-12-19 15:30:00,9437.562
2024-12-19 15:45:00,9441.108
2024-12-19 16:00:00,9557.061
2024-12-19 16:15:00,9319.917
2024-12-19 16:30:00,9443.834
2024-12-19 16:45:00,9463.316
2024-12-19 17:00:00,9632.691
2024-12-19 17:15:00,9590.344
2024-12-19 17:30:00,9205.282
2024-12-19 17:45:00,5397.1025
2024-12-19 18:00:00,3790.722
2024-12-19 18:15:00,5298.2773
2024-12-19 18:30:00,7046.2334
2024-12-19 18:45:00,6750.2993
2024-12-19 19:00:00,7560.866
2024-12-19 19:15:00,7193.929
2024-12-19 19:30:00,7277.1245
2024-12-19 19:45:00,7139.59
2024-12-19 20:00:00,7273.7393
2024-12-19 20:15:00,6508.463
2024-12-19 20:30:00,6505.9243
2024-12-19 20:45:00,5434.115
2024-12-19 21:00:00,3239.3975
2024-12-19 21:15:00,2823.9924
2024-12-19 21:30:00,2765.5525
2024-12-19 21:45:00,2607.9248
2024-12-19 22:00:00,2445.447
2024-12-19 22:15:00,1454.8762
2024-12-19 22:30:00,1427.7428
2024-12-19 22:45:00,1452.1001
2024-12-19 23:00:00,1330.1925
2024-12-19 23:15:00,1030.6079
2024-12-19 23:30:00,1036.1912
2024-12-19 23:45:00,1033.9401
2024-12-19 00:00:00,1415.1683
2024-12-20 00:15:00,1188.9592
2024-12-20 00:30:00,1194.8789
2024-12-20 00:45:00,1194.8789
2024-12-20 01:00:00,956.55536
2024-12-20 01:15:00,957.34534
2024-12-20 01:30:00,905.0098
2024-12-20 01:45:00,894.78253
2024-12-20 02:00:00,914.9236
2024-12-20 02:15:00,972.6604
2024-12-20 02:30:00,972.6604
2024-12-20 02:45:00,972.6604
2024-12-20 03:00:00,862.64355
2024-12-20 03:15:00,885.9782
2024-12-20 03:30:00,889.7856
2024-12-20 03:45:00,890.1107
2024-12-20 04:00:00,844.0066
2024-12-20 04:15:00,859.96967
2024-12-20 04:30:00,886.12775
2024-12-20 04:45:00,886.12775
2024-12-20 05:00:00,888.5268
2024-12-20 05:15:00,906.9035
2024-12-20 05:30:00,919.0293
2024-12-20 05:45:00,923.9383
2024-12-20 06:00:00,920.30396
2024-12-20 06:15:00,919.7123
2024-12-20 06:30:00,919.35443
2024-12-20 06:45:00,919.35443
2024-12-20 07:00:00,961.5731
2024-12-20 07:15:00,945.8583
2024-12-20 07:30:00,958.3043
2024-12-20 07:45:00,1075.4222
2024-12-20 08:00:00,1555.4137
2024-12-20 08:15:00,6388.478
2024-12-20 08:30:00,11035.689
2024-12-20 08:45:00,11492.718
2024-12-20 09:00:00,10708.606
2024-12-20 09:15:00,10445.893
2024-12-20 09:30:00,10419.848
2024-12-20 09:45:00,10554.668
2024-12-20 10:00:00,10208.039
2024-12-20 10:15:00,10012.666
2024-12-20 10:30:00,9834.545
2024-12-20 10:45:00,9918.447
2024-12-20 11:00:00,10104.887
2024-12-20 11:15:00,10153.375
2024-12-20 11:30:00,10055.805
2024-12-20 11:45:00,10127.823
2024-12-20 12:00:00,8240.77
2024-12-20 12:15:00,2310.0215
2024-12-20 12:30:00,2264.2195
2024-12-20 12:45:00,2279.1348
2024-12-20 13:00:00,2694.6443
2024-12-20 13:15:00,5623.295
2024-12-20 13:30:00,9322.975
2024-12-20 13:45:00,9616.362
2024-12-20 14:00:00,9326.892
2024-12-20 14:15:00,9206.996
2024-12-20 14:30:00,9205.045
2024-12-20 14:45:00,9324.444
2024-12-20 15:00:00,9192.076
2024-12-20 15:15:00,9186.026
2024-12-20 15:30:00,9171.283
2024-12-20 15:45:00,9425.15
2024-12-20 16:00:00,9147.59
2024-12-20 16:15:00,9123.265
2024-12-20 16:30:00,9292.908
2024-12-20 16:45:00,9048.823
2024-12-20 17:00:00,8580.63
2024-12-20 17:15:00,8271.895
2024-12-20 17:30:00,7907.199
2024-12-20 17:45:00,4737.915
2024-12-20 18:00:00,3636.954
2024-12-20 18:15:00,5305.276
2024-12-20 18:30:00,7042.729
2024-12-20 18:45:00,6654.426
2024-12-20 19:00:00,7421.3276
2024-12-20 19:15:00,7148.3735
2024-12-20 19:30:00,7136.5205
2024-12-20 19:45:00,7221.817
2024-12-20 20:00:00,7153.3057
2024-12-20 20:15:00,6910.284
2024-12-20 20:30:00,6802.926
2024-12-20 20:45:00,5945.631
2024-12-20 21:00:00,3172.5505
2024-12-20 21:15:00,2489.4763
2024-12-20 21:30:00,2448.3186
2024-12-20 21:45:00,2292.3494
2024-12-20 22:00:00,2186.564
2024-12-20 22:15:00,1163.4669
2024-12-20 22:30:00,1080.403
2024-12-20 22:45:00,1081.0289
2024-12-20 23:00:00,964.5096
2024-12-20 23:15:00,786.4753
2024-12-20 23:30:00,786.9332
2024-12-20 23:45:00,771.3519
2024-12-20 00:00:00,1139.828
2024-12-21 00:15:00,948.66296
2024-12-21 00:30:00,911.609
2024-12-21 00:45:00,912.12756
2024-12-21 01:00:00,940.00977
2024-12-21 01:15:00,910.0894
2024-12-21 01:30:00,864.6611
2024-12-21 01:45:00,836.1503
2024-12-21 02:00:00,866.53015
2024-12-21 02:15:00,836.30084
2024-12-21 02:30:00,832.3282
2024-12-21 02:45:00,824.796
2024-12-21 03:00:00,827.61053
2024-12-21 03:15:00,794.966
2024-12-21 03:30:00,784.33154
2024-12-21 03:45:00,773.5155
2024-12-21 04:00:00,796.7974
2024-12-21 04:15:00,773.0459
2024-12-21 04:30:00,772.9869
2024-12-21 04:45:00,769.49164
2024-12-21 05:00:00,733.6856
2024-12-21 05:15:00,708.12683
2024-12-21 05:30:00,702.7556
2024-12-21 05:45:00,693.33777
2024-12-21 06:00:00,649.9111
2024-12-21 06:15:00,628.5899
2024-12-21 06:30:00,617.79205
2024-12-21 06:45:00,611.9477
2024-12-21 07:00:00,674.95013
2024-12-21 07:15:00,635.73114
2024-12-21 07:30:00,655.1383
2024-12-21 07:45:00,713.7076
2024-12-21 08:00:00,1159.0936
2024-12-21 08:15:00,5675.9844
2024-12-21 08:30:00,10280.35
2024-12-21 08:45:00,10538.774
2024-12-21 09:00:00,9566.961
2024-12-21 09:15:00,10013.009
2024-12-21 09:30:00,9894.374
2024-12-21 09:45:00,9602.447
2024-12-21 10:00:00,9784.96
2024-12-21 10:15:00,9302.287
2024-12-21 10:30:00,9328.551
2024-12-21 10:45:00,9297.877
2024-12-21 11:00:00,9058.041
2024-12-21 11:15:00,9059.2
2024-12-21 11:30:00,9083.471
2024-12-21 11:45:00,9065.566
2024-12-21 12:00:00,7882.6284
2024-12-21 12:15:00,2534.6519
2024-12-21 12:30:00,2527.0366
2024-12-21 12:45:00,2422.0693
2024-12-21 13:00:00,2805.9795
2024-12-21 13:15:00,5437.771
2024-12-21 13:30:00,9279.996
2024-12-21 13:45:00,9381.054
2024-12-21 14:00:00,9052.356
2024-12-21 14:15:00,9002.756
2024-12-21 14:30:00,9198.166
2024-12-21 14:45:00,9065.565
2024-12-21 15:00:00,9527.636
2024-12-21 15:15:00,9459.022
2024-12-21 15:30:00,9576.75
2024-12-21 15:45:00,9272.355
2024-12-21 16:00:00,9451.835
2024-12-21 16:15:00,9454.273
2024-12-21 16:30:00,9444.901
2024-12-21 16:45:00,9437.716
2024-12-21 17:00:00,8543.896
2024-12-21 17:15:00,8315.197
2024-12-21 17:30:00,8035.8027
2024-12-21 17:45:00,5267.3145
2024-12-21 18:00:00,4794.4893
2024-12-21 18:15:00,6407.6353
2024-12-21 18:30:00,8220.474
2024-12-21 18:45:00,7669.9565
2024-12-21 19:00:00,8404.414
2024-12-21 19:15:00,8296.43
2024-12-21 19:30:00,8198.443
2024-12-21 19:45:00,8082.662
2024-12-21 20:00:00,8426.489
2024-12-21 20:15:00,8415.249
2024-12-21 20:30:00,8210.02
2024-12-21 20:45:00,7398.021
2024-12-21 21:00:00,3400.531
2024-12-21 21:15:00,2743.3516
2024-12-21 21:30:00,2765.562
2024-12-21 21:45:00,2697.3115
2024-12-21 22:00:00,2730.0942
2024-12-21 22:15:00,1452.9485
2024-12-21 22:30:00,1429.2213
2024-12-21 22:45:00,1451.4568
2024-12-21 23:00:00,1329.7261
2024-12-21 23:15:00,933.6185
2024-12-21 23:30:00,956.47626
2024-12-21 23:45:00,955.48145
2024-12-21 00:00:00,897.9516
2024-12-22 00:15:00,770.76917
2024-12-22 00:30:00,733.99567
2024-12-22 00:45:00,733.3733
2024-12-22 01:00:00,712.6177
2024-12-22 01:15:00,734.19727
2024-12-22 01:30:00,679.03253
2024-12-22 01:45:00,638.5051
2024-12-22 02:00:00,639.536
2024-12-22 02:15:00,649.22253
2024-12-22 02:30:00,638.93774
2024-12-22 02:45:00,628.0903
2024-12-22 03:00:00,631.70807
2024-12-22 03:15:00,637.8094
2024-12-22 03:30:00,631.0569
2024-12-22 03:45:00,618.193
2024-12-22 04:00:00,604.0233
2024-12-22 04:15:00,591.9865
2024-12-22 04:30:00,602.8589
2024-12-22 04:45:00,602.83575
2024-12-22 05:00:00,529.4387
2024-12-22 05:15:00,520.14526
2024-12-22 05:30:00,520.14526
2024-12-22 05:45:00,520.1848
2024-12-22 06:00:00,459.50848
2024-12-22 06:15:00,457.32812
2024-12-22 06:30:00,450.03992
2024-12-22 06:45:00,451.49255
2024-12-22 07:00:00,461.99994
2024-12-22 07:15:00,452.25406
2024-12-22 07:30:00,450.02112
2024-12-22 07:45:00,453.5579
2024-12-22 08:00:00,937.16846
2024-12-22 08:15:00,2824.5374
2024-12-22 08:30:00,4825.1323
2024-12-22 08:45:00,4981.9644
2024-12-22 09:00:00,4989.7695
2024-12-22 09:15:00,3198.0305
2024-12-22 09:30:00,3075.0417
2024-12-22 09:45:00,3200.7654
2024-12-22 10:00:00,3069.6304
2024-12-22 10:15:00,2881.0813
2024-12-22 10:30:00,2886.2136
2024-12-22 10:45:00,2898.246
2024-12-22 11:00:00,2908.242
2024-12-22 11:15:00,2678.2065
2024-12-22 11:30:00,2527.3308
2024-12-22 11:45:00,2671.1165
2024-12-22 12:00:00,1763.2539
2024-12-22 12:15:00,2074.9385
2024-12-22 12:30:00,1993.4271
2024-12-22 12:45:00,2068.7078
2024-12-22 13:00:00,2499.9163
2024-12-22 13:15:00,2711.5803
2024-12-22 13:30:00,2829.9805
2024-12-22 13:45:00,2908.1792
2024-12-22 14:00:00,2939.1663
2024-12-22 14:15:00,2930.1675
2024-12-22 14:30:00,2932.797
2024-12-22 14:45:00,2944.3694
2024-12-22 15:00:00,2931.6072
2024-12-22 15:15:00,2845.9448
2024-12-22 15:30:00,2843.4102
2024-12-22 15:45:00,2935.772
2024-12-22 16:00:00,2791.929
2024-12-22 16:15:00,2825.7705
2024-12-22 16:30:00,2930.7395
2024-12-22 16:45:00,2930.4885
2024-12-22 17:00:00,2232.1057
2024-12-22 17:15:00,2150.9104
2024-12-22 17:30:00,2090.8865
2024-12-22 17:45:00,2107.6108
2024-12-22 18:00:00,1524.25
2024-12-22 18:15:00,977.5728
2024-12-22 18:30:00,1236.9994
2024-12-22 18:45:00,1963.0812
2024-12-22 19:00:00,2210.2795
2024-12-22 19:15:00,2075.7153
2024-12-22 19:30:00,2161.7566
2024-12-22 19:45:00,2162.3406
2024-12-22 20:00:00,2066.371
2024-12-22 20:15:00,1968.5947
2024-12-22 20:30:00,1994.1322
2024-12-22 20:45:00,1975.0839
2024-12-22 21:00:00,1743.4229
2024-12-22 21:15:00,1725.9819
2024-12-22 21:30:00,1822.404
2024-12-22 21:45:00,1832.3877
2024-12-22 22:00:00,1752.3645
2024-12-22 22:15:00,595.6694
2024-12-22 22:30:00,460.97354
2024-12-22 22:45:00,453.15347
2024-12-22 23:00:00,448.653
2024-12-22 23:15:00,458.76266
2024-12-22 23:30:00,457.4424
2024-12-22 23:45:00,457.3419
2024-12-22 00:00:00,610.4225
2024-12-23 00:15:00,592.068
2024-12-23 00:30:00,569.1188
2024-12-23 00:45:00,557.90576
2024-12-23 01:00:00,591.75653
2024-12-23 01:15:00,581.9596
2024-12-23 01:30:00,558.085
2024-12-23 01:45:00,554.2773
2024-12-23 02:00:00,571.1866
2024-12-23 02:15:00,559.1461
2024-12-23 02:30:00,558.4886
2024-12-23 02:45:00,557.9501
2024-12-23 03:00:00,574.90045
2024-12-23 03:15:00,561.74475
2024-12-23 03:30:00,561.4775
2024-12-23 03:45:00,561.4775
2024-12-23 04:00:00,572.45605
2024-12-23 04:15:00,558.533
2024-12-23 04:30:00,559.8971
2024-12-23 04:45:00,561.3893
2024-12-23 05:00:00,570.1277
2024-12-23 05:15:00,555.7287
2024-12-23 05:30:00,558.6031
2024-12-23 05:45:00,559.9264
2024-12-23 06:00:00,559.7899
2024-12-23 06:15:00,556.0333
2024-12-23 06:30:00,558.4636
2024-12-23 06:45:00,559.5264
2024-12-23 07:00:00,573.4686
2024-12-23 07:15:00,558.8432
2024-12-23 07:30:00,561.79816
2024-12-23 07:45:00,622.01825
2024-12-23 08:00:00,460.8589
2024-12-23 08:15:00,1868.3577
2024-12-23 08:30:00,3496.5122
2024-12-23 08:45:00,3554.2717
2024-12-23 09:00:00,3475.8452
2024-12-23 09:15:00,2261.355
2024-12-23 09:30:00,2261.355
2024-12-23 09:45:00,2253.273
2024-12-23 10:00:00,2004.9056
2024-12-23 10:15:00,1722.3962
2024-12-23 10:30:00,1805.3828
2024-12-23 10:45:00,1807.8555
2024-12-23 11:00:00,1959.5144
2024-12-23 11:15:00,1665.5059
2024-12-23 11:30:00,1659.9467
2024-12-23 11:45:00,1706.789
2024-12-23 12:00:00,1687.1707
2024-12-23 12:15:00,1899.2095
2024-12-23 12:30:00,1924.5149
2024-12-23 12:45:00,1929.3862
2024-12-23 13:00:00,1990.5476
2024-12-23 13:15:00,2146.5088
2024-12-23 13:30:00,2276.136
2024-12-23 13:45:00,2263.9336
2024-12-23 14:00:00,2145.519
2024-12-23 14:15:00,2121.9617
2024-12-23 14:30:00,2124.3135
2024-12-23 14:45:00,2109.7065
2024-12-23 15:00:00,2109.9216
2024-12-23 15:15:00,2035.6432
2024-12-23 15:30:00,2110.0386
2024-12-23 15:45:00,2084.289
2024-12-23 16:00:00,2197.2036
2024-12-23 16:15:00,2257.3328
2024-12-23 16:30:00,2238.1816
2024-12-23 16:45:00,2221.9448
2024-12-23 17:00:00,2022.9615
2024-12-23 17:15:00,1956.9602
2024-12-23 17:30:00,1896.3936
2024-12-23 17:45:00,1842.455
2024-12-23 18:00:00,1464.3538
2024-12-23 18:15:00,1198.2346
2024-12-23 18:30:00,1411.8425
2024-12-23 18:45:00,1700.6104
2024-12-23 19:00:00,1939.8756
2024-12-23 19:15:00,1869.6423
2024-12-23 19:30:00,1869.7662
2024-12-23 19:45:00,1898.4307
2024-12-23 20:00:00,2002.2081
2024-12-23 20:15:00,1981.1207
2024-12-23 20:30:00,1978.88
2024-12-23 20:45:00,1922.5464
2024-12-23 21:00:00,1799.3691
2024-12-23 21:15:00,1737.4517
2024-12-23 21:30:00,1769.0616
2024-12-23 21:45:00,1759.8871
2024-12-23 22:00:00,1636.9832
2024-12-23 22:15:00,708.03613
2024-12-23 22:30:00,633.96234
2024-12-23 22:45:00,612.56104
2024-12-23 23:00:00,637.26056
2024-12-23 23:15:00,718.94403
2024-12-23 23:30:00,709.9915
2024-12-23 23:45:00,704.85144
2024-12-23 00:00:00,661.6767
2024-12-24 00:15:00,819.97406
2024-12-24 00:30:00,794.31366
2024-12-24 00:45:00,778.75
2024-12-24 01:00:00,826.0008
2024-12-24 01:15:00,784.83606
2024-12-24 01:30:00,749.15375
2024-12-24 01:45:00,715.65295
2024-12-24 02:00:00,736.2308
2024-12-24 02:15:00,696.269
2024-12-24 02:30:00,696.5375
2024-12-24 02:45:00,673.26196
2024-12-24 03:00:00,749.68524
2024-12-24 03:15:00,713.4374
2024-12-24 03:30:00,714.63055
2024-12-24 03:45:00,711.2422
2024-12-24 04:00:00,716.4222
2024-12-24 04:15:00,688.2477
2024-12-24 04:30:00,713.2162
2024-12-24 04:45:00,709.7745
2024-12-24 05:00:00,729.7558
2024-12-24 05:15:00,709.7855
2024-12-24 05:30:00,718.73346
2024-12-24 05:45:00,714.6416
2024-12-24 06:00:00,716.6152
2024-12-24 06:15:00,695.82654
2024-12-24 06:30:00,712.7486
2024-12-24 06:45:00,711.2809
2024-12-24 07:00:00,716.7456
2024-12-24 07:15:00,712.5755
2024-12-24 07:30:00,771.1083
2024-12-24 07:45:00,853.4333
2024-12-24 08:00:00,1291.0436
2024-12-24 08:15:00,4847.9375
2024-12-24 08:30:00,9915.823
2024-12-24 08:45:00,10054.068
2024-12-24 09:00:00,9548.478
2024-12-24 09:15:00,9193.746
2024-12-24 09:30:00,9321.656
2024-12-24 09:45:00,9355.618
2024-12-24 10:00:00,8768.273
2024-12-24 10:15:00,8584.693
2024-12-24 10:30:00,8942.723
2024-12-24 10:45:00,8946.528
2024-12-24 11:00:00,9198.202
2024-12-24 11:15:00,9360.077
2024-12-24 11:30:00,9549.485
2024-12-24 11:45:00,9806.322
2024-12-24 12:00:00,8102.526
2024-12-24 12:15:00,2290.243
2024-12-24 12:30:00,2383.4937
2024-12-24 12:45:00,2382.1106
2024-12-24 13:00:00,2419.2048
2024-12-24 13:15:00,5904.613
2024-12-24 13:30:00,9457.922
2024-12-24 13:45:00,9533.923
2024-12-24 14:00:00,9177.851
2024-12-24 14:15:00,9002.152
2024-12-24 14:30:00,8991.096
2024-12-24 14:45:00,8942.625
2024-12-24 15:00:00,8927.512
2024-12-24 15:15:00,8690.443
2024-12-24 15:30:00,8672.056
2024-12-24 15:45:00,8666.705
2024-12-24 16:00:00,8401.913
2024-12-24 16:15:00,8207.524
2024-12-24 16:30:00,8208.618
2024-12-24 16:45:00,8155.017
2024-12-24 17:00:00,7811.3154
2024-12-24 17:15:00,7741.5024
2024-12-24 17:30:00,7552.89
2024-12-24 17:45:00,4428.8325
2024-12-24 18:00:00,3583.2903
2024-12-24 18:15:00,4877.06
2024-12-24 18:30:00,6852.9004
2024-12-24 18:45:00,6608.767
2024-12-24 19:00:00,6246.622
2024-12-24 19:15:00,5981.405
2024-12-24 19:30:00,6074.207
2024-12-24 19:45:00,6232.9033
2024-12-24 20:00:00,6153.7935
2024-12-24 20:15:00,5709.7163
2024-12-24 20:30:00,5611.5317
2024-12-24 20:45:00,5131.213
2024-12-24 21:00:00,3156.9102
2024-12-24 21:15:00,2189.3467
2024-12-24 21:30:00,2254.917
2024-12-24 21:45:00,2206.879
2024-12-24 22:00:00,2211.4397
2024-12-24 22:15:00,1362.0526
2024-12-24 22:30:00,1322.7615
2024-12-24 22:45:00,1217.1985
2024-12-24 23:00:00,1139.9058
2024-12-24 23:15:00,971.4655
2024-12-24 23:30:00,961.8756
2024-12-24 23:45:00,939.3534
2024-12-24 00:00:00,891.41473
2024-12-25 00:15:00,992.4339
2024-12-25 00:30:00,973.5879
2024-12-25 00:45:00,973.2474
2024-12-25 01:00:00,968.20624
2024-12-25 01:15:00,895.474
2024-12-25 01:30:00,850.7442
2024-12-25 01:45:00,833.5632
2024-12-25 02:00:00,833.31525
2024-12-25 02:15:00,785.26526
2024-12-25 02:30:00,796.5077
2024-12-25 02:45:00,783.36505
2024-12-25 03:00:00,832.211
2024-12-25 03:15:00,791.90576
2024-12-25 03:30:00,804.9326
2024-12-25 03:45:00,796.30676
2024-12-25 04:00:00,785.36145
2024-12-25 04:15:00,760.9188
2024-12-25 04:30:00,785.33826
2024-12-25 04:45:00,785.33826
2024-12-25 05:00:00,801.0485
2024-12-25 05:15:00,772.66034
2024-12-25 05:30:00,792.21747
2024-12-25 05:45:00,805.04865
2024-12-25 06:00:00,787.8511
2024-12-25 06:15:00,765.2701
2024-12-25 06:30:00,780.58887
2024-12-25 06:45:00,791.79956
2024-12-25 07:00:00,775.53094
2024-12-25 07:15:00,765.473
2024-12-25 07:30:00,819.99365
2024-12-25 07:45:00,906.5775
2024-12-25 08:00:00,1578.5399
2024-12-25 08:15:00,5822.595
2024-12-25 08:30:00,10029.998
2024-12-25 08:45:00,10339.302
2024-12-25 09:00:00,10890.018
2024-12-25 09:15:00,5828.271
2024-12-25 09:30:00,5015.958
2024-12-25 09:45:00,5114.913
2024-12-25 10:00:00,5522.1357
2024-12-25 10:15:00,3657.0303
2024-12-25 10:30:00,3648.9744
2024-12-25 10:45:00,3650.0583
2024-12-25 11:00:00,4589.6045
2024-12-25 11:15:00,3413.9397
2024-12-25 11:30:00,3397.3513
2024-12-25 11:45:00,3348.538
2024-12-25 12:00:00,2256.961
2024-12-25 12:15:00,2444.6106
2024-12-25 12:30:00,2632.77
2024-12-25 12:45:00,2511.2415
2024-12-25 13:00:00,3304.3691
2024-12-25 13:15:00,3356.6167
2024-12-25 13:30:00,3549.0154
2024-12-25 13:45:00,3478.9521
2024-12-25 14:00:00,3867.2686
2024-12-25 14:15:00,3415.1392
2024-12-25 14:30:00,3324.8755
2024-12-25 14:45:00,3195.7805
2024-12-25 15:00:00,3653.558
2024-12-25 15:15:00,3123.7798
2024-12-25 15:30:00,3193.247
2024-12-25 15:45:00,3193.0015
2024-12-25 16:00:00,2835.765
2024-12-25 16:15:00,2590.1057
2024-12-25 16:30:00,2768.922
2024-12-25 16:45:00,2716.212
2024-12-25 17:00:00,2207.582
2024-12-25 17:15:00,2174.0867
2024-12-25 17:30:00,2208.4822
2024-12-25 17:45:00,1887.2568
2024-12-25 18:00:00,1473.5765
2024-12-25 18:15:00,951.4527
2024-12-25 18:30:00,1197.8981
2024-12-25 18:45:00,1655.5168
2024-12-25 19:00:00,2048.4214
2024-12-25 19:15:00,2135.496
2024-12-25 19:30:00,2099.867
2024-12-25 19:45:00,2132.5044
2024-12-25 20:00:00,2056.2268
2024-12-25 20:15:00,2187.9587
2024-12-25 20:30:00,2133.1238
2024-12-25 20:45:00,2136.7087
2024-12-25 21:00:00,2227.8774
2024-12-25 21:15:00,2087.7605
2024-12-25 21:30:00,2097.46
2024-12-25 21:45:00,2143.1475
2024-12-25 22:00:00,2236.1746
2024-12-25 22:15:00,1464.6337
2024-12-25 22:30:00,1306.4697
2024-12-25 22:45:00,1304.8513
2024-12-25 23:00:00,1441.0553
2024-12-25 23:15:00,1469.1595
2024-12-25 23:30:00,1498.1232
2024-12-25 23:45:00,1575.3893
2024-12-25 00:00:00,1128.8105
2024-12-26 00:15:00,1514.2269
2024-12-26 00:30:00,1435.8832
2024-12-26 00:45:00,1413.2595
2024-12-26 01:00:00,1463.1284
2024-12-26 01:15:00,1467.0204
2024-12-26 01:30:00,1413.4244
2024-12-26 01:45:00,1334.1285
2024-12-26 02:00:00,1318.2823
2024-12-26 02:15:00,1318.259
2024-12-26 02:30:00,1318.259
2024-12-26 02:45:00,1318.259
2024-12-26 03:00:00,1223.4083
2024-12-26 03:15:00,1223.385
2024-12-26 03:30:00,1214.8186
2024-12-26 03:45:00,1214.5171
2024-12-26 04:00:00,1223.7242
2024-12-26 04:15:00,1224.2766
2024-12-26 04:30:00,1315.5774
2024-12-26 04:45:00,1223.385
2024-12-26 05:00:00,1223.6654
2024-12-26 05:15:00,1224.2178
2024-12-26 05:30:00,1315.5186
2024-12-26 05:45:00,1315.5186
2024-12-26 06:00:00,1216.6687
2024-12-26 06:15:00,1216.46
2024-12-26 06:30:00,1216.401
2024-12-26 06:45:00,1222.1688
2024-12-26 07:00:00,1215.3947
2024-12-26 07:15:00,1208.0225
2024-12-26 07:30:00,1312.4568
2024-12-26 07:45:00,1332.4929
2024-12-26 08:00:00,1802.8269
2024-12-26 08:15:00,6311.1055
2024-12-26 08:30:00,10687.553
2024-12-26 08:45:00,10878.149
2024-12-26 09:00:00,10248.227
2024-12-26 09:15:00,9724.149
2024-12-26 09:30:00,9609.841
2024-12-26 09:45:00,9778.444
2024-12-26 10:00:00,9279.212
2024-12-26 10:15:00,9031.783
2024-12-26 10:30:00,9061.931
2024-12-26 10:45:00,9114.869
2024-12-26 11:00:00,9481.353
2024-12-26 11:15:00,9583.317
2024-12-26 11:30:00,9617.729
2024-12-26 11:45:00,9618.774
2024-12-26 12:00:00,7666.2407
2024-12-26 12:15:00,2318.1155
2024-12-26 12:30:00,2390.4043
2024-12-26 12:45:00,2412.4263
2024-12-26 13:00:00,2806.8118
2024-12-26 13:15:00,6429.706
2024-12-26 13:30:00,9617.988
2024-12-26 13:45:00,9903.484
2024-12-26 14:00:00,9892.121
2024-12-26 14:15:00,9755.358
2024-12-26 14:30:00,9517.358
2024-12-26 14:45:00,9470.161
2024-12-26 15:00:00,9837.276
2024-12-26 15:15:00,9550.655
2024-12-26 15:30:00,9403.163
2024-12-26 15:45:00,9403.398
2024-12-26 16:00:00,9836.672
2024-12-26 16:15:00,9715.016
2024-12-26 16:30:00,9733.556
2024-12-26 16:45:00,9545.612
2024-12-26 17:00:00,10017.423
2024-12-26 17:15:00,9393.417
2024-12-26 17:30:00,9095.986
2024-12-26 17:45:00,5249.045
2024-12-26 18:00:00,3718.4243
2024-12-26 18:15:00,5000.8154
2024-12-26 18:30:00,6798.392
2024-12-26 18:45:00,6447.7803
2024-12-26 19:00:00,6613.636
2024-12-26 19:15:00,6304.909
2024-12-26 19:30:00,6307.8594
2024-12-26 19:45:00,6305.9736
2024-12-26 20:00:00,6538.8384
2024-12-26 20:15:00,6321.929
2024-12-26 20:30:00,6130.904
2024-12-26 20:45:00,5477.0713
2024-12-26 21:00:00,3480.0757
2024-12-26 21:15:00,2661.178
2024-12-26 21:30:00,2539.6338
2024-12-26 21:45:00,2489.4875
2024-12-26 22:00:00,2196.9133
2024-12-26 22:15:00,1313.9259
2024-12-26 22:30:00,1138.374
2024-12-26 22:45:00,1087.1162
2024-12-26 23:00:00,1145.6462
2024-12-26 23:15:00,1041.338
2024-12-26 23:30:00,1001.2222
2024-12-26 23:45:00,962.7268
2024-12-26 00:00:00,1330.4005
2024-12-27 00:15:00,1084.5712
2024-12-27 00:30:00,1084.5712
2024-12-27 00:45:00,1084.5712
2024-12-27 01:00:00,1086.1399
2024-12-27 01:15:00,1090.1057
2024-12-27 01:30:00,1086.4556
2024-12-27 01:45:00,1040.2917
2024-12-27 02:00:00,1085.7078
2024-12-27 02:15:00,1085.6844
2024-12-27 02:30:00,1083.5237
2024-12-27 02:45:00,1033.1637
2024-12-27 03:00:00,990.36304
2024-12-27 03:15:00,989.74634
2024-12-27 03:30:00,987.4447
2024-12-27 03:45:00,988.52026
2024-12-27 04:00:00,955.7142
2024-12-27 04:15:00,951.58887
2024-12-27 04:30:00,966.32947
2024-12-27 04:45:00,966.32947
2024-12-27 05:00:00,956.2866
2024-12-27 05:15:00,955.6601
2024-12-27 05:30:00,966.39954
2024-12-27 05:45:00,966.39954
2024-12-27 06:00:00,958.93585
2024-12-27 06:15:00,956.1625
2024-12-27 06:30:00,967.2127
2024-12-27 06:45:00,967.2127
2024-12-27 07:00:00,1025.1418
2024-12-27 07:15:00,1025.2195
2024-12-27 07:30:00,1075.8142
2024-12-27 07:45:00,1152.2665
2024-12-27 08:00:00,1571.7042
2024-12-27 08:15:00,6360.1377
2024-12-27 08:30:00,10668.92
2024-12-27 08:45:00,10936.926
2024-12-27 09:00:00,10661.148
2024-12-27 09:15:00,10338.262
2024-12-27 09:30:00,10323.762
2024-12-27 09:45:00,10707.123
2024-12-27 10:00:00,10310.812
2024-12-27 10:15:00,10101.987
2024-12-27 10:30:00,10189.458
2024-12-27 10:45:00,10353.335
2024-12-27 11:00:00,9837.359
2024-12-27 11:15:00,9914.622
2024-12-27 11:30:00,9717.66
2024-12-27 11:45:00,9852.067
2024-12-27 12:00:00,7983.4365
2024-12-27 12:15:00,2321.3076
2024-12-27 12:30:00,2322.456
2024-12-27 12:45:00,2351.8794
2024-12-27 13:00:00,2753.9993
2024-12-27 13:15:00,6067.8867
2024-12-27 13:30:00,9395.617
2024-12-27 13:45:00,9806.546
2024-12-27 14:00:00,9199.477
2024-12-27 14:15:00,9105.772
2024-12-27 14:30:00,8914.083
2024-12-27 14:45:00,9000.849
2024-12-27 15:00:00,9074.691
2024-12-27 15:15:00,8931.725
2024-12-27 15:30:00,8806.882
2024-12-27 15:45:00,8931.568
2024-12-27 16:00:00,8767.05
2024-12-27 16:15:00,8625.738
2024-12-27 16:30:00,8629.015
2024-12-27 16:45:00,8625.4795
2024-12-27 17:00:00,7990.3896
2024-12-27 17:15:00,7632.157
2024-12-27 17:30:00,7375.865
2024-12-27 17:45:00,4343.667
2024-12-27 18:00:00,3794.066
2024-12-27 18:15:00,5425.663
2024-12-27 18:30:00,6896.6196
2024-12-27 18:45:00,6805.4854
2024-12-27 19:00:00,6693.554
2024-12-27 19:15:00,6461.7417
2024-12-27 19:30:00,6462.514
2024-12-27 19:45:00,6367.3457
2024-12-27 20:00:00,6578.5503
2024-12-27 20:15:00,6356.842
2024-12-27 20:30:00,6261.558
2024-12-27 20:45:00,5473.5786
2024-12-27 21:00:00,3226.419
2024-12-27 21:15:00,2422.1187
2024-12-27 21:30:00,2306.741
2024-12-27 21:45:00,2249.963
2024-12-27 22:00:00,2140.6423
2024-12-27 22:15:00,1337.5981
2024-12-27 22:30:00,1311.2769
2024-12-27 22:45:00,1219.3247
2024-12-27 23:00:00,1136.3604
2024-12-27 23:15:00,1127.9769
2024-12-27 23:30:00,1131.6798
2024-12-27 23:45:00,1130.5397
2024-12-27 00:00:00,992.87946
2024-12-28 00:15:00,1315.3604
2024-12-28 00:30:00,1316.385
2024-12-28 00:45:00,1313.9279
2024-12-28 01:00:00,1415.9597
2024-12-28 01:15:00,1444.7161
2024-12-28 01:30:00,1412.029
2024-12-28 01:45:00,1334.5239
2024-12-28 02:00:00,1434.2677
2024-12-28 02:15:00,1434.4846
2024-12-28 02:30:00,1433.4084
2024-12-28 02:45:00,1412.5096
2024-12-28 03:00:00,1411.817
2024-12-28 03:15:00,1408.3807
2024-12-28 03:30:00,1408.6837
2024-12-28 03:45:00,1321.3458
2024-12-28 04:00:00,1410.3661
2024-12-28 04:15:00,1319.9224
2024-12-28 04:30:00,1329.1099
2024-12-28 04:45:00,1320.7399
2024-12-28 05:00:00,1411.6713
2024-12-28 05:15:00,1321.4738
2024-12-28 05:30:00,1329.11
2024-12-28 05:45:00,1320.8346
2024-12-28 06:00:00,1411.6713
2024-12-28 06:15:00,1402.6644
2024-12-28 06:30:00,1411.2428
2024-12-28 06:45:00,1328.5009
2024-12-28 07:00:00,1325.2205
2024-12-28 07:15:00,1321.8516
2024-12-28 07:30:00,1324.3123
2024-12-28 07:45:00,1408.2507
2024-12-28 08:00:00,787.70544
2024-12-28 08:15:00,5141.9707
2024-12-28 08:30:00,9206.904
2024-12-28 08:45:00,9464.797
2024-12-28 09:00:00,8585.272
2024-12-28 09:15:00,8053.4697
2024-12-28 09:30:00,7926.797
2024-12-28 09:45:00,8056.2476
2024-12-28 10:00:00,7840.422
2024-12-28 10:15:00,7479.8433
2024-12-28 10:30:00,7551.303
2024-12-28 10:45:00,7600.554
2024-12-28 11:00:00,7474.912
2024-12-28 11:15:00,7555.9688
2024-12-28 11:30:00,7492.8423
2024-12-28 11:45:00,7369.1943
2024-12-28 12:00:00,6775.6
2024-12-28 12:15:00,2234.476
2024-12-28 12:30:00,2293.4758
2024-12-28 12:45:00,2238.123
2024-12-28 13:00:00,2156.119
2024-12-28 13:15:00,4730.8477
2024-12-28 13:30:00,7805.055
2024-12-28 13:45:00,7951.5615
2024-12-28 14:00:00,7084.3286
2024-12-28 14:15:00,7162.423
2024-12-28 14:30:00,7158.825
2024-12-28 14:45:00,7057.188
2024-12-28 15:00:00,7230.5728
2024-12-28 15:15:00,7242.384
2024-12-28 15:30:00,7164.3887
2024-12-28 15:45:00,6949.597
2024-12-28 16:00:00,7281.15
2024-12-28 16:15:00,7282.088
2024-12-28 16:30:00,7065.8936
2024-12-28 16:45:00,6951.56
2024-12-28 17:00:00,7081.3877
2024-12-28 17:15:00,6840.226
2024-12-28 17:30:00,6483.431
2024-12-28 17:45:00,3646.046
2024-12-28 18:00:00,3586.3328
2024-12-28 18:15:00,5216.801
2024-12-28 18:30:00,6293.752
2024-12-28 18:45:00,5905.962
2024-12-28 19:00:00,6219.5933
2024-12-28 19:15:00,6027.9546
2024-12-28 19:30:00,6021.066
2024-12-28 19:45:00,5800.3643
2024-12-28 20:00:00,5894.8506
2024-12-28 20:15:00,5913.9
2024-12-28 20:30:00,5744.8945
2024-12-28 20:45:00,5113.9233
2024-12-28 21:00:00,2713.9924
2024-12-28 21:15:00,2312.1174
2024-12-28 21:30:00,2303.9878
2024-12-28 21:45:00,2263.5676
2024-12-28 22:00:00,2099.8901
2024-12-28 22:15:00,962.39
2024-12-28 22:30:00,901.77106
2024-12-28 22:45:00,902.3145
2024-12-28 23:00:00,827.48376
2024-12-28 23:15:00,868.17633
2024-12-28 23:30:00,894.4333
2024-12-28 23:45:00,867.9438
2024-12-28 00:00:00,1135.1472
2024-12-29 00:15:00,713.7773
2024-12-29 00:30:00,727.40564
2024-12-29 00:45:00,703.5564
2024-12-29 01:00:00,639.02936
2024-12-29 01:15:00,660.9171
2024-12-29 01:30:00,632.1212
2024-12-29 01:45:00,605.0808
2024-12-29 02:00:00,618.5857
2024-12-29 02:15:00,629.5481
2024-12-29 02:30:00,632.8711
2024-12-29 02:45:00,606.6491
2024-12-29 03:00:00,612.5789
2024-12-29 03:15:00,617.8268
2024-12-29 03:30:00,620.9378
2024-12-29 03:45:00,594.3773
2024-12-29 04:00:00,583.2159
2024-12-29 04:15:00,572.9881
2024-12-29 04:30:00,592.0339
2024-12-29 04:45:00,571.07623
2024-12-29 05:00:00,561.0238
2024-12-29 05:15:00,558.6968
2024-12-29 05:30:00,574.01
2024-12-29 05:45:00,558.45953
2024-12-29 06:00:00,558.5386
2024-12-29 06:15:00,537.30383
2024-12-29 06:30:00,559.51483
2024-12-29 06:45:00,537.30383
2024-12-29 07:00:00,538.8994
2024-12-29 07:15:00,533.57806
2024-12-29 07:30:00,573.15936
2024-12-29 07:45:00,606.5742
2024-12-29 08:00:00,623.1009
2024-12-29 08:15:00,2727.5671
2024-12-29 08:30:00,5002.318
2024-12-29 08:45:00,5066.646
2024-12-29 09:00:00,4172.7944
2024-12-29 09:15:00,2797.781
2024-12-29 09:30:00,2798.7512
2024-12-29 09:45:00,2880.237
2024-12-29 10:00:00,2475.9575
2024-12-29 10:15:00,2418.9949
2024-12-29 10:30:00,2584.5598
2024-12-29 10:45:00,2529.7168
2024-12-29 11:00:00,2245.4197
2024-12-29 11:15:00,1942.7782
2024-12-29 11:30:00,1848.8375
2024-12-29 11:45:00,1933.0022
2024-12-29 12:00:00,1459.5298
2024-12-29 12:15:00,1842.3146
2024-12-29 12:30:00,1842.7491
2024-12-29 12:45:00,1842.8129
2024-12-29 13:00:00,2200.1638
2024-12-29 13:15:00,2447.783
2024-12-29 13:30:00,2600.2822
2024-12-29 13:45:00,2621.032
2024-12-29 14:00:00,2438.0293
2024-12-29 14:15:00,2457.1914
2024-12-29 14:30:00,2403.3215
2024-12-29 14:45:00,2404.388
2024-12-29 15:00:00,2311.907
2024-12-29 15:15:00,2341.0461
2024-12-29 15:30:00,2340.8872
2024-12-29 15:45:00,2388.5095
2024-12-29 16:00:00,2293.2263
2024-12-29 16:15:00,2330.7124
2024-12-29 16:30:00,2340.8015
2024-12-29 16:45:00,2346.4705
2024-12-29 17:00:00,1983.2323
2024-12-29 17:15:00,1939.0607
2024-12-29 17:30:00,1930.0688
2024-12-29 17:45:00,2010.4431
2024-12-29 18:00:00,1554.01
2024-12-29 18:15:00,953.9777
2024-12-29 18:30:00,1059.2845
2024-12-29 18:45:00,1936.619
2024-12-29 19:00:00,1998.9193
2024-12-29 19:15:00,1938.4265
2024-12-29 19:30:00,1949.0205
2024-12-29 19:45:00,1968.6205
2024-12-29 20:00:00,1899.1072
2024-12-29 20:15:00,1791.3218
2024-12-29 20:30:00,1794.1501
2024-12-29 20:45:00,1830.6614
2024-12-29 21:00:00,1823.0715
2024-12-29 21:15:00,1814.6082
2024-12-29 21:30:00,1824.6016
2024-12-29 21:45:00,1854.9207
2024-12-29 22:00:00,1873.8728
2024-12-29 22:15:00,670.50073
2024-12-29 22:30:00,532.82306
2024-12-29 22:45:00,518.91254
2024-12-29 23:00:00,531.0324
2024-12-29 23:15:00,556.6383
2024-12-29 23:30:00,549.9824
2024-12-29 23:45:00,507.59854
2024-12-29 00:00:00,579.2394
2024-12-30 00:15:00,832.4224
2024-12-30 00:30:00,826.066
2024-12-30 00:45:00,789.54535
2024-12-30 01:00:00,923.06226
2024-12-30 01:15:00,789.0105
2024-12-30 01:30:00,722.97815
2024-12-30 01:45:00,711.6654
2024-12-30 02:00:00,793.78754
2024-12-30 02:15:00,778.2007
2024-12-30 02:30:00,778.2007
2024-12-30 02:45:00,760.5472
2024-12-30 03:00:00,743.94684
2024-12-30 03:15:00,730.0946
2024-12-30 03:30:00,730.1969
2024-12-30 03:45:00,715.58167
2024-12-30 04:00:00,711.53455
2024-12-30 04:15:00,703.6857
2024-12-30 04:30:00,711.5631
2024-12-30 04:45:00,704.8662
2024-12-30 05:00:00,695.10535
2024-12-30 05:15:00,694.59296
2024-12-30 05:30:00,704.9363
2024-12-30 05:45:00,696.15094
2024-12-30 06:00:00,678.9719
2024-12-30 06:15:00,661.5817
2024-12-30 06:30:00,681.2635
2024-12-30 06:45:00,681.2635
2024-12-30 07:00:00,674.64685
2024-12-30 07:15:00,658.5209
2024-12-30 07:30:00,690.6337
2024-12-30 07:45:00,736.5195
2024-12-30 08:00:00,452.4766
2024-12-30 08:15:00,1804.7789
2024-12-30 08:30:00,3209.6829
2024-12-30 08:45:00,3053.7856
2024-12-30 09:00:00,3264.3596
2024-12-30 09:15:00,2203.47
2024-12-30 09:30:00,2194.023
2024-12-30 09:45:00,2244.6177
2024-12-30 10:00:00,1957.9265
2024-12-30 10:15:00,1740.2115
2024-12-30 10:30:00,1878.6082
2024-12-30 10:45:00,1888.7377
2024-12-30 11:00:00,1774.4629
2024-12-30 11:15:00,1519.8392
2024-12-30 11:30:00,1472.8403
2024-12-30 11:45:00,1466.3602
2024-12-30 12:00:00,1519.3677
2024-12-30 12:15:00,1835.5536
2024-12-30 12:30:00,1868.0187
2024-12-30 12:45:00,1858.0251
2024-12-30 13:00:00,1974.8403
2024-12-30 13:15:00,2059.5574
2024-12-30 13:30:00,1997.4634
2024-12-30 13:45:00,1935.3909
2024-12-30 14:00:00,1926.647
2024-12-30 14:15:00,1871.8907
2024-12-30 14:30:00,1853.5674
2024-12-30 14:45:00,1843.6936
2024-12-30 15:00:00,1870.1638
2024-12-30 15:15:00,1833.4316
2024-12-30 15:30:00,1820.6107
2024-12-30 15:45:00,1821.2214
2024-12-30 16:00:00,1853.1737
2024-12-30 16:15:00,1888.0757
2024-12-30 16:30:00,1939.7025
2024-12-30 16:45:00,1939.1857
2024-12-30 17:00:00,2003.7943
2024-12-30 17:15:00,1861.4921
2024-12-30 17:30:00,1873.3785
2024-12-30 17:45:00,1833.7457
2024-12-30 18:00:00,1437.3323
2024-12-30 18:15:00,1095.0907
2024-12-30 18:30:00,1094.774
2024-12-30 18:45:00,1666.4241
2024-12-30 19:00:00,1961.9775
2024-12-30 19:15:00,1796.9421
2024-12-30 19:30:00,1847.3859
2024-12-30 19:45:00,1807.2383
2024-12-30 20:00:00,1907.3564
2024-12-30 20:15:00,1885.8722
2024-12-30 20:30:00,1895.8678
2024-12-30 20:45:00,1922.8645
2024-12-30 21:00:00,1888.7
2024-12-30 21:15:00,1811.2347
2024-12-30 21:30:00,1814.4752
2024-12-30 21:45:00,1836.217
2024-12-30 22:00:00,1724.0828
2024-12-30 22:15:00,892.1284
2024-12-30 22:30:00,857.96466
2024-12-30 22:45:00,842.3742
2024-12-30 23:00:00,884.922
2024-12-30 23:15:00,924.2069
2024-12-30 23:30:00,907.4118
2024-12-30 23:45:00,857.5405
2024-12-30 00:00:00,995.7635
2024-12-31 00:15:00,1416.299
2024-12-31 00:30:00,1435.3341
2024-12-31 00:45:00,1441.7616
2024-12-31 01:00:00,1465.6747
2024-12-31 01:15:00,1322.1113
2024-12-31 01:30:00,1205.3002
2024-12-31 01:45:00,1126.1925
2024-12-31 02:00:00,1150.6512
2024-12-31 02:15:00,1088.6526
2024-12-31 02:30:00,1081.8073
2024-12-31 02:45:00,1028.0333
2024-12-31 03:00:00,1076.9741
2024-12-31 03:15:00,994.28406
2024-12-31 03:30:00,989.54987
2024-12-31 03:45:00,966.2846
2024-12-31 04:00:00,954.3904
2024-12-31 04:15:00,934.4785
2024-12-31 04:30:00,952.2467
2024-12-31 04:45:00,914.1289
2024-12-31 05:00:00,952.8396
2024-12-31 05:15:00,934.0588
2024-12-31 05:30:00,962.20154
2024-12-31 05:45:00,933.91046
2024-12-31 06:00:00,937.30304
2024-12-31 06:15:00,904.4498
2024-12-31 06:30:00,934.3617
2024-12-31 06:45:00,902.91144
2024-12-31 07:00:00,984.5312
2024-12-31 07:15:00,983.51154
2024-12-31 07:30:00,1075.3484
2024-12-31 07:45:00,1140.8715
2024-12-31 08:00:00,1874.6583
2024-12-31 08:15:00,5393.8545
2024-12-31 08:30:00,10130.191
2024-12-31 08:45:00,10540.859
2024-12-31 09:00:00,10657.044
2024-12-31 09:15:00,7194.154
2024-12-31 09:30:00,6225.672
2024-12-31 09:45:00,6636.8677
2024-12-31 10:00:00,5816.2075
2024-12-31 10:15:00,4057.9487
2024-12-31 10:30:00,4014.2568
2024-12-31 10:45:00,3661.2268
2024-12-31 11:00:00,5238.9297
2024-12-31 11:15:00,3809.1973
2024-12-31 11:30:00,3536.0618
2024-12-31 11:45:00,3384.7139
2024-12-31 12:00:00,2661.186
2024-12-31 12:15:00,2696.8936
2024-12-31 12:30:00,2702.326
2024-12-31 12:45:00,2702.0625
2024-12-31 13:00:00,3333.296
2024-12-31 13:15:00,3423.2932
2024-12-31 13:30:00,3525.7778
2024-12-31 13:45:00,3498.643
2024-12-31 14:00:00,4243.3774
2024-12-31 14:15:00,3524.138
2024-12-31 14:30:00,3385.411
2024-12-31 14:45:00,2943.8882
2024-12-31 15:00:00,3546.7305
2024-12-31 15:15:00,2994.139
2024-12-31 15:30:00,3001.1975
2024-12-31 15:45:00,2972.5325
2024-12-31 16:00:00,3348.3608
2024-12-31 16:15:00,2802.744
2024-12-31 16:30:00,2797.739
2024-12-31 16:45:00,2771.2146
2024-12-31 17:00:00,2817.0698
2024-12-31 17:15:00,2768.056
2024-12-31 17:30:00,2709.566
2024-12-31 17:45:00,2119.2617
2024-12-31 18:00:00,1523.1465
2024-12-31 18:15:00,1490.268
2024-12-31 18:30:00,1769.836
2024-12-31 18:45:00,2680.2222
2024-12-31 19:00:00,2869.7903
2024-12-31 19:15:00,2769.7756
2024-12-31 19:30:00,2794.1313
2024-12-31 19:45:00,2972.358
2024-12-31 20:00:00,2847.9497
2024-12-31 20:15:00,2756.7373
2024-12-31 20:30:00,2791.8723
2024-12-31 20:45:00,2749.0884
2024-12-31 21:00:00,2275.9075
2024-12-31 21:15:00,2167.1375
2024-12-31 21:30:00,2198.6614
2024-12-31 21:45:00,2301.9956
2024-12-31 22:00:00,2312.3804
2024-12-31 22:15:00,1575.7203
2024-12-31 22:30:00,1416.6356
2024-12-31 22:45:00,1409.5128
2024-12-31 23:00:00,1459.3431
2024-12-31 23:15:00,1504.3799
2024-12-31 23:30:00,1489.1427
2024-12-31 23:45:00,1491.9371
2024-12-31 00:00:00,1502.363
